Kingdom,Phylum,Class,Order,Family,Genus
Bacteria,Proteobacteria,Gammaproteobacteria,Burkholderiales,Oxalobacteraceae,[Aquaspirillum] arcticum group
Bacteria,Firmicutes,Bacilli,Erysipelotrichales,Erysipelotrichaceae,[Clostridium] innocuum group
Bacteria,Desulfobacterota,Desulfobulbia,Desulfobulbales,Desulfocapsaceae,[Desulfobacterium] catecholicum group
Bacteria,Proteobacteria,Gammaproteobacteria,Burkholderiales,Comamonadaceae,[Polyangium] brachysporum group
Bacteria,Proteobacteria,Alphaproteobacteria,Rhizobiales,Rhizobiaceae,[Rhizobium] sphaerophysae group
Bacteria,Proteobacteria,Alphaproteobacteria,Rhizobiales,Beijerinckiaceae,1174-901-12
Bacteria,Chloroflexi,Ktedonobacteria,Ktedonobacterales,Ktedonobacteraceae,1921-2
Bacteria,Chloroflexi,Ktedonobacteria,Ktedonobacterales,Ktedonobacteraceae,1921-3
Bacteria,Chloroflexi,Ktedonobacteria,Ktedonobacterales,Ktedonobacteraceae,1959-1
Bacteria,Proteobacteria,Alphaproteobacteria,Rhizobiales,Beijerinckiaceae,28-YEA-48
Bacteria,Proteobacteria,Gammaproteobacteria,Burkholderiales,Nitrosomonadaceae,966-1
Bacteria,Proteobacteria,Gammaproteobacteria,Burkholderiales,Sutterellaceae,AAP99
Bacteria,Abditibacteriota,Abditibacteria,Abditibacteriales,Abditibacteriaceae,Abditibacterium
Bacteria,Firmicutes,Clostridia,Oscillospirales,Ethanoligenenaceae,Acetanaerobacterium
Bacteria,Firmicutes,Clostridia,Oscillospirales,Hungateiclostridiaceae,Acetivibrio
Bacteria,Firmicutes,Negativicutes,Veillonellales-Selenomonadales,Sporomusaceae,Acetonema
Bacteria,Proteobacteria,Gammaproteobacteria,Burkholderiales,Alcaligenaceae,Achromobacter
Bacteria,Firmicutes,Clostridia,Peptostreptococcales-Tissierellales,Acidaminobacteraceae,Acidaminobacter
Bacteria,Firmicutes,Bacilli,Alicyclobacillales,Alicyclobacillaceae,Acidibacillus
Bacteria,Proteobacteria,Gammaproteobacteria,Gammaproteobacteria Incertae Sedis,Unknown Family,Acidibacter
Bacteria,Proteobacteria,Alphaproteobacteria,Acetobacterales,Acetobacteraceae,Acidicaldus
Bacteria,Acidobacteriota,Acidobacteriae,Acidobacteriales,Acidobacteriaceae (Subgroup 1),Acidicapsa
Bacteria,Proteobacteria,Gammaproteobacteria,Acidiferrobacterales,Acidiferrobacteraceae,Acidiferrobacter
Bacteria,Proteobacteria,Alphaproteobacteria,Acetobacterales,Acetobacteraceae,Acidiphilium
Bacteria,Acidobacteriota,Acidobacteriae,Acidobacteriales,Acidobacteriaceae (Subgroup 1),Acidipila-Silvibacterium
Bacteria,Proteobacteria,Alphaproteobacteria,Acetobacterales,Acetobacteraceae,Acidisoma
Bacteria,Proteobacteria,Alphaproteobacteria,Acetobacterales,Acetobacteraceae,Acidisphaera
Bacteria,Actinobacteriota,Acidimicrobiia,Acidimicrobiales,Acidimicrobiales Incertae Sedis,Aciditerrimonas
Bacteria,Proteobacteria,Alphaproteobacteria,Acetobacterales,Acetobacteraceae,Acidocella
Bacteria,Actinobacteriota,Actinobacteria,Frankiales,Acidothermaceae,Acidothermus
Bacteria,Proteobacteria,Gammaproteobacteria,Burkholderiales,Comamonadaceae,Acidovorax
Bacteria,Proteobacteria,Gammaproteobacteria,Pseudomonadales,Moraxellaceae,Acinetobacter
Bacteria,Actinobacteriota,Actinobacteria,Streptosporangiales,Streptosporangiaceae,Acrocarpospora
Bacteria,Proteobacteria,Gammaproteobacteria,Burkholderiales,Oxalobacteraceae,Actimicrobium
Bacteria,Actinobacteriota,Actinobacteria,Streptosporangiales,Thermomonosporaceae,Actinoallomurus
Bacteria,Actinobacteriota,Actinobacteria,Micromonosporales,Micromonosporaceae,Actinocatenispora
Bacteria,Actinobacteriota,Actinobacteria,Streptosporangiales,Thermomonosporaceae,Actinocorallia
Bacteria,Actinobacteriota,Actinobacteria,Streptosporangiales,Thermomonosporaceae,Actinomadura
Bacteria,Actinobacteriota,Actinobacteria,Actinomycetales,Actinomycetaceae,Actinomyces
Bacteria,Actinobacteriota,Actinobacteria,Pseudonocardiales,Pseudonocardiaceae,Actinomycetospora
Bacteria,Actinobacteriota,Actinobacteria,Pseudonocardiales,Pseudonocardiaceae,Actinophytocola
Bacteria,Actinobacteriota,Actinobacteria,Micromonosporales,Micromonosporaceae,Actinoplanes
Bacteria,Actinobacteriota,Actinobacteria,Propionibacteriales,Nocardioidaceae,Actinopolymorpha
Bacteria,Actinobacteriota,Actinobacteria,Micromonosporales,Micromonosporaceae,Actinorhabdospora
Bacteria,Actinobacteriota,Actinobacteria,Catenulisporales,Actinospicaceae,Actinospica
Bacteria,Actinobacteriota,Actinobacteria,Pseudonocardiales,Pseudonocardiaceae,Actinosynnema
Bacteria,Actinobacteriota,Actinobacteria,Micrococcales,Cellulomonadaceae,Actinotalea
Bacteria,Bacteroidota,Bacteroidia,Cytophagales,Hymenobacteraceae,Adhaeribacter
Bacteria,Verrucomicrobiota,Verrucomicrobiae,Pedosphaerales,Pedosphaeraceae,ADurb.Bin063-1
Bacteria,Verrucomicrobiota,Verrucomicrobiae,Pedosphaerales,Pedosphaeraceae,ADurb.Bin118
Bacteria,Actinobacteriota,Actinobacteria,Propionibacteriales,Nocardioidaceae,Aeromicrobium
Bacteria,Proteobacteria,Gammaproteobacteria,Enterobacterales,Aeromonadaceae,Aeromonas
Bacteria,Myxococcota,Polyangia,Polyangiales,Polyangiaceae,Aetherobacter
Bacteria,Proteobacteria,Alphaproteobacteria,Rhizobiales,Rhodobiaceae,Afifella
Bacteria,Proteobacteria,Alphaproteobacteria,Rhizobiales,Xanthobacteraceae,Afipia
Bacteria,Proteobacteria,Alphaproteobacteria,Rhizobiales,Stappiaceae,Agaricicola
Bacteria,Myxococcota,Myxococcia,Myxococcales,Myxococcaceae,Aggregicoccus
Bacteria,Actinobacteriota,Actinobacteria,Micrococcales,Microbacteriaceae,Agrococcus
Bacteria,Actinobacteriota,Actinobacteria,Micrococcales,Microbacteriaceae,Agromyces
Bacteria,Proteobacteria,Gammaproteobacteria,Xanthomonadales,Rhodanobacteraceae,Ahniella
Bacteria,Verrucomicrobiota,Verrucomicrobiae,Verrucomicrobiales,Akkermansiaceae,Akkermansia
Bacteria,Planctomycetota,Phycisphaerae,Phycisphaerales,Phycisphaeraceae,AKYG587
Bacteria,Proteobacteria,Alphaproteobacteria,Rhizobiales,Methylopilaceae,Albibacter
Bacteria,Bacteroidota,Bacteroidia,Cytophagales,Cyclobacteriaceae,Algoriphagus
Bacteria,Firmicutes,Bacilli,Alicyclobacillales,Alicyclobacillaceae,Alicyclobacillus
Bacteria,Proteobacteria,Alphaproteobacteria,Elsterales,Elsteraceae,Aliidongia
Bacteria,Proteobacteria,Alphaproteobacteria,Rhizobiales,Rhizobiaceae,Aliihoeflea
Bacteria,Proteobacteria,Gammaproteobacteria,Enterobacterales,Alteromonadaceae,Alishewanella
Bacteria,Bacteroidota,Bacteroidia,Bacteroidales,Rikenellaceae,Alistipes
Bacteria,Firmicutes,Clostridia,Eubacteriales,Alkalibacteraceae,Alkalibacter
Bacteria,Proteobacteria,Gammaproteobacteria,Salinisphaerales,Solimonadaceae,Alkanibacter
Bacteria,Actinobacteriota,Actinobacteria,Micromonosporales,Micromonosporaceae,Allocatelliglobosispora
Bacteria,Actinobacteriota,Actinobacteria,Pseudonocardiales,Pseudonocardiaceae,Allokutzneria
Bacteria,Proteobacteria,Alphaproteobacteria,Rhizobiales,Rhizobiaceae,Allorhizobium-Neorhizobium-Pararhizobium-Rhizobium
Bacteria,Proteobacteria,Alphaproteobacteria,Rhizobiales,Beijerinckiaceae,alphaI cluster
Bacteria,Proteobacteria,Alphaproteobacteria,Rhizobiales,Rhizobiales Incertae Sedis,Alsobacter
Bacteria,Proteobacteria,Alphaproteobacteria,Sphingomonadales,Sphingomonadaceae,Altererythrobacter
Bacteria,Verrucomicrobiota,Verrucomicrobiae,Opitutales,Opitutaceae,Alterococcus
Bacteria,Proteobacteria,Alphaproteobacteria,Rhodobacterales,Rhodobacteraceae,Amaricoccus
Bacteria,Proteobacteria,Alphaproteobacteria,Rhizobiales,Rhizobiaceae,Aminobacter
Bacteria,Firmicutes,Bacilli,Paenibacillales,Paenibacillaceae,Ammoniibacillus
Bacteria,Firmicutes,Bacilli,Paenibacillales,Paenibacillaceae,Ammoniphilus
Bacteria,Actinobacteriota,Actinobacteria,Micrococcales,Microbacteriaceae,Amnibacterium
Bacteria,Proteobacteria,Alphaproteobacteria,Caulobacterales,Parvularculaceae,Amphiplicatus
Bacteria,Actinobacteriota,Actinobacteria,Pseudonocardiales,Pseudonocardiaceae,Amycolatopsis
Bacteria,Firmicutes,Clostridia,Oscillospirales,Hungateiclostridiaceae,Anaerobacterium
Bacteria,Firmicutes,Clostridia,Peptostreptococcales-Tissierellales,Family XI,Anaerococcus
Bacteria,Firmicutes,Clostridia,Lachnospirales,Lachnospiraceae,Anaerocolumna
Bacteria,Chloroflexi,Anaerolineae,Anaerolineales,Anaerolineaceae,Anaerolinea
Bacteria,Myxococcota,Myxococcia,Myxococcales,Anaeromyxobacteraceae,Anaeromyxobacter
Bacteria,Firmicutes,Clostridia,Peptostreptococcales-Tissierellales,Family XI,Anaerosalibacter
Bacteria,Firmicutes,Negativicutes,Veillonellales-Selenomonadales,Sporomusaceae,Anaerosinus
Bacteria,Firmicutes,Clostridia,Peptostreptococcales-Tissierellales,Thermotaleaceae,Anaerosolibacter
Bacteria,Firmicutes,Negativicutes,Veillonellales-Selenomonadales,Sporomusaceae,Anaerospora
Bacteria,Firmicutes,Clostridia,Lachnospirales,Lachnospiraceae,Anaerosporobacter
Bacteria,Firmicutes,Negativicutes,Veillonellales-Selenomonadales,Sporomusaceae,Anaerosporomusa
Bacteria,Firmicutes,Clostridia,Peptostreptococcales-Tissierellales,Anaerovoracaceae,Anaerovorax
Bacteria,Proteobacteria,Alphaproteobacteria,Rhizobiales,Xanthobacteraceae,Ancylobacter
Bacteria,Cyanobacteria,Cyanobacteriia,Cyanobacteriales,Nostocaceae,Ancylothrix 8PC
Bacteria,Firmicutes,Bacilli,Aneurinibacillales,Aneurinibacillaceae,Aneurinibacillus
Bacteria,Actinobacteriota,Actinobacteria,Kineosporiales,Kineosporiaceae,Angustibacter
Bacteria,Firmicutes,Bacilli,Bacillales,Bacillaceae,Anoxybacillus
Bacteria,Bacteroidota,Bacteroidia,Flavobacteriales,Flavobacteriaceae,Antarcticibacterium
Bacteria,Actinobacteriota,Actinobacteria,Frankiales,Geodermatophilaceae,Antricoccus
Bacteria,Proteobacteria,Gammaproteobacteria,Burkholderiales,Comamonadaceae,Aquabacterium
Bacteria,Proteobacteria,Alphaproteobacteria,Rhizobiales,Rhizobiaceae,Aquamicrobium
Bacteria,Proteobacteria,Gammaproteobacteria,Burkholderiales,Aquaspirillaceae,Aquaspirillum
Bacteria,Proteobacteria,Gammaproteobacteria,Diplorickettsiales,Diplorickettsiaceae,Aquicella
Bacteria,Proteobacteria,Gammaproteobacteria,Xanthomonadales,Rhodanobacteraceae,Aquimonas
Bacteria,Proteobacteria,Gammaproteobacteria,Burkholderiales,Comamonadaceae,Aquincola
Bacteria,Planctomycetota,Planctomycetes,Isosphaerales,Isosphaeraceae,Aquisphaera
Bacteria,Proteobacteria,Alphaproteobacteria,Tistrellales,Geminicoccaceae,Arboricoccus
Bacteria,Myxococcota,Myxococcia,Myxococcales,Myxococcaceae,Archangium
Bacteria,Bacteroidota,Bacteroidia,Cytophagales,Spirosomaceae,Arcicella
Bacteria,Campylobacterota,Campylobacteria,Campylobacterales,Arcobacteraceae,Arcobacter
Bacteria,Bacteroidota,Bacteroidia,Sphingobacteriales,Sphingobacteriaceae,Arcticibacter
Bacteria,Proteobacteria,Gammaproteobacteria,Xanthomonadales,Xanthomonadaceae,Arenimonas
Bacteria,Acidobacteriota,Blastocatellia,Blastocatellales,Blastocatellaceae,Aridibacter
Bacteria,Armatimonadota,Armatimonadia,Armatimonadales,Armatimonadaceae,Armatimonas
Bacteria,Proteobacteria,Alphaproteobacteria,Rhizobiales,Devosiaceae,Arsenicitalea
Bacteria,Actinobacteriota,Actinobacteria,Micrococcales,Micrococcaceae,Arthrobacter
Bacteria,Actinobacteriota,Actinobacteria,Micromonosporales,Micromonosporaceae,Asanoa
Bacteria,Bacteroidota,Bacteroidia,Chitinophagales,Chitinophagaceae,Asinibacterium
Bacteria,Proteobacteria,Alphaproteobacteria,Caulobacterales,Caulobacteraceae,Asticcacaulis
Bacteria,Bacteroidota,Bacteroidia,Chitinophagales,Chitinophagaceae,Aurantisolimonas
Bacteria,Firmicutes,Bacilli,Bacillales,Bacillaceae,Aureibacillus
Bacteria,Proteobacteria,Alphaproteobacteria,Rhizobiales,Rhizobiaceae,Aureimonas
Bacteria,Bacteroidota,Bacteroidia,Chitinophagales,Saprospiraceae,Aureispira
Bacteria,Proteobacteria,Gammaproteobacteria,Burkholderiales,Rhodocyclaceae,Azoarcus
Bacteria,Proteobacteria,Gammaproteobacteria,Burkholderiales,Comamonadaceae,Azohydromonas
Bacteria,Proteobacteria,Gammaproteobacteria,Burkholderiales,Rhodocyclaceae,Azonexus
Bacteria,Proteobacteria,Gammaproteobacteria,Burkholderiales,Rhodocyclaceae,Azospira
Bacteria,Proteobacteria,Alphaproteobacteria,Azospirillales,Azospirillaceae,Azospirillum
Bacteria,Proteobacteria,Gammaproteobacteria,Pseudomonadales,Pseudomonadaceae,Azotobacter
Bacteria,Proteobacteria,Gammaproteobacteria,Burkholderiales,Rhodocyclaceae,Azovibrio
Bacteria,Acidobacteriota,Thermoanaerobaculia,Thermoanaerobaculales,Thermoanaerobaculaceae,B276-D12
Bacteria,Chloroflexi,Ktedonobacteria,Ktedonobacterales,Ktedonobacteraceae,BacC-u-018
Bacteria,Firmicutes,Bacilli,Bacillales,Bacillaceae,Bacillus
Bacteria,Bdellovibrionota,Bdellovibrionia,Bacteriovoracales,Bacteriovoracaceae,Bacteriovorax
Bacteria,Bacteroidota,Bacteroidia,Bacteroidales,Bacteroidaceae,Bacteroides
Bacteria,Firmicutes,Bacilli,Thermoactinomycetales,Thermoactinomycetaceae,Baia
Bacteria,Proteobacteria,Gammaproteobacteria,Pseudomonadales,Nitrincolaceae,Balneatrix
Bacteria,Proteobacteria,Alphaproteobacteria,Rhizobiales,Rhizobiales Incertae Sedis,Bauldia
Bacteria,Proteobacteria,Gammaproteobacteria,Pseudomonadales,Spongiibacteraceae,BD1-7 clade
Bacteria,Bdellovibrionota,Bdellovibrionia,Bdellovibrionales,Bdellovibrionaceae,Bdellovibrio
Bacteria,Chloroflexi,Anaerolineae,Anaerolineales,Anaerolineaceae,Bellilinea
Bacteria,Proteobacteria,Alphaproteobacteria,Acetobacterales,Acetobacteraceae,Belnapia
Bacteria,Firmicutes,Bacilli,Bacillales,Planococcaceae,Bhargavaea
Bacteria,Proteobacteria,Gammaproteobacteria,Pseudomonadales,Pseudohongiellaceae,BIyi10
Bacteria,Acidobacteriota,Blastocatellia,Blastocatellales,Blastocatellaceae,Blastocatella
Bacteria,Actinobacteriota,Actinobacteria,Frankiales,Geodermatophilaceae,Blastococcus
Bacteria,Proteobacteria,Alphaproteobacteria,Sphingomonadales,Sphingomonadaceae,Blastomonas
Bacteria,Planctomycetota,Planctomycetes,Pirellulales,Pirellulaceae,Blastopirellula
Bacteria,Proteobacteria,Gammaproteobacteria,Burkholderiales,Alcaligenaceae,Bordetella
Bacteria,Proteobacteria,Alphaproteobacteria,Rhizobiales,Beijerinckiaceae,Bosea
Bacteria,Actinobacteriota,Actinobacteria,Micrococcales,Dermabacteraceae,Brachybacterium
Bacteria,Proteobacteria,Alphaproteobacteria,Rhizobiales,Xanthobacteraceae,Bradyrhizobium
Bacteria,Firmicutes,Bacilli,Brevibacillales,Brevibacillaceae,Brevibacillus
Bacteria,Actinobacteriota,Actinobacteria,Micrococcales,Brevibacteriaceae,Brevibacterium
Bacteria,Verrucomicrobiota,Verrucomicrobiae,Verrucomicrobiales,Verrucomicrobiaceae,Brevifollis
Bacteria,Proteobacteria,Alphaproteobacteria,Caulobacterales,Caulobacteraceae,Brevundimonas
Bacteria,Firmicutes,Bacilli,Erysipelotrichales,Erysipelotrichaceae,Breznakia
Bacteria,Proteobacteria,Alphaproteobacteria,Rhizobiales,Rhizobiaceae,Brucella
Bacteria,Acidobacteriota,Acidobacteriae,Bryobacterales,Bryobacteraceae,Bryobacter
Bacteria,Acidobacteriota,Acidobacteriae,Acidobacteriales,Acidobacteriaceae (Subgroup 1),Bryocella
Bacteria,Bacteroidota,Bacteroidia,Bacteroidales,Prolixibacteraceae,BSV13
Bacteria,Proteobacteria,Gammaproteobacteria,Burkholderiales,Burkholderiaceae,Burkholderia-Caballeronia-Paraburkholderia
Bacteria,Proteobacteria,Gammaproteobacteria,Enterobacterales,Enterobacteriaceae,Buttiauxella
Bacteria,Firmicutes,Clostridia,Lachnospirales,Lachnospiraceae,Butyrivibrio
Bacteria,Myxococcota,Polyangia,Polyangiales,Polyangiaceae,Byssovorax
Bacteria,Planctomycetota,Planctomycetes,Pirellulales,Pirellulaceae,Bythopirellula
Bacteria,Proteobacteria,Gammaproteobacteria,Pseudomonadales,Porticoccaceae,C1-B045
Bacteria,Proteobacteria,Alphaproteobacteria,Caedibacterales,Caedibacteraceae,Caedibacter
Bacteria,Proteobacteria,Gammaproteobacteria,Burkholderiales,Comamonadaceae,Caenimonas
Bacteria,Firmicutes,Clostridia,Caldicoprobacterales,Caldicoprobacteraceae,Caldicoprobacter
Bacteria,Chloroflexi,Anaerolineae,Caldilineales,Caldilineaceae,Caldilinea
Bacteria,Cyanobacteria,Cyanobacteriia,Leptolyngbyales,Leptolyngbyaceae,Calenema
Bacteria,Firmicutes,Clostridia,Clostridiales,Caloramatoraceae,Caloramator
Bacteria,Cyanobacteria,Cyanobacteriia,Cyanobacteriales,Nostocaceae,Calothrix PCC-7507
Bacteria,Proteobacteria,Alphaproteobacteria,Rhizobiales,Beijerinckiaceae,Camelimonas
Bacteria,Proteobacteria,Alphaproteobacteria,Tistrellales,Geminicoccaceae,Candidatus Alysiosphaera
Bacteria,Bacteroidota,Bacteroidia,Cytophagales,Amoebophilaceae,Candidatus Amoebophilus
Bacteria,Planctomycetota,Planctomycetes,Pirellulales,Pirellulaceae,Candidatus Anammoximicrobium
Bacteria,Proteobacteria,Alphaproteobacteria,Holosporales,Holosporaceae,Candidatus Bealeia
Bacteria,Proteobacteria,Gammaproteobacteria,Gammaproteobacteria Incertae Sedis,Unknown Family,Candidatus Berkiella
Bacteria,Proteobacteria,Alphaproteobacteria,Paracaedibacterales,Paracaedibacteraceae,Candidatus Captivus
Bacteria,Bacteroidota,Bacteroidia,Cytophagales,Amoebophilaceae,Candidatus Cardinium
Bacteria,Chloroflexi,Chloroflexia,Chloroflexales,Chloroflexaceae,Candidatus Chloroploca
Bacteria,Firmicutes,Desulfitobacteriia,Desulfitobacteriales,Syntrophobotulaceae,Candidatus Dichloromethanomonas
Bacteria,Proteobacteria,Gammaproteobacteria,Piscirickettsiales,Piscirickettsiaceae,Candidatus Endoecteinascidia
Bacteria,Proteobacteria,Gammaproteobacteria,Gammaproteobacteria Incertae Sedis,Unknown Family,Candidatus Endonucleariobacter
Bacteria,Entotheonellaeota,Entotheonellia,Entotheonellales,Entotheonellaceae,Candidatus Entotheonella
Bacteria,Proteobacteria,Alphaproteobacteria,Paracaedibacterales,Paracaedibacteraceae,Candidatus Finniella
Bacteria,Verrucomicrobiota,Chlamydiae,Chlamydiales,Simkaniaceae,Candidatus Fritschea
Bacteria,Proteobacteria,Gammaproteobacteria,Burkholderiales,Burkholderiaceae,Candidatus Glomeribacter
Bacteria,Firmicutes,Bacilli,Entomoplasmatales,Entomoplasmatales Incertae Sedis,Candidatus Hepatoplasma
Bacteria,Acidobacteriota,Acidobacteriae,Acidobacteriales,Koribacteraceae,Candidatus Koribacter
Bacteria,Firmicutes,Bacilli,Mycoplasmatales,Mycoplasmataceae,Candidatus Lumbricincola
Bacteria,Proteobacteria,Alphaproteobacteria,Rickettsiales,Rickettsiaceae,Candidatus Megaira
Bacteria,Verrucomicrobiota,Chlamydiae,Chlamydiales,Parachlamydiaceae,Candidatus Metachlamydia
Bacteria,Methylomirabilota,Methylomirabilia,Methylomirabilales,Methylomirabilaceae,Candidatus Methylomirabilis
Bacteria,Proteobacteria,Gammaproteobacteria,Burkholderiales,Methylophilaceae,Candidatus Methylopumilus
Bacteria,Proteobacteria,Gammaproteobacteria,Methylococcales,Methylococcaceae,Candidatus Methylospira
Bacteria,Proteobacteria,Alphaproteobacteria,Rickettsiales,Midichloriaceae,Candidatus Midichloria
Bacteria,Proteobacteria,Gammaproteobacteria,Burkholderiales,Gallionellaceae,Candidatus Nitrotoga
Bacteria,Planctomycetota,Planctomycetes,Isosphaerales,Isosphaeraceae,Candidatus Nostocoida
Bacteria,Proteobacteria,Alphaproteobacteria,Caedibacterales,Caedibacteraceae,Candidatus Nucleicultrix
Bacteria,Cyanobacteria,Vampirivibrionia,Obscuribacterales,Obscuribacteraceae,Candidatus Obscuribacter
Bacteria,Proteobacteria,Alphaproteobacteria,Paracaedibacterales,Paracaedibacteraceae,Candidatus Odyssella
Bacteria,Verrucomicrobiota,Omnitrophia,Omnitrophales,Omnitrophaceae,Candidatus Omnitrophus
Bacteria,Proteobacteria,Gammaproteobacteria,Gammaproteobacteria Incertae Sedis,Unknown Family,Candidatus Ovatusbacter
Bacteria,Bacteroidota,Bacteroidia,Cytophagales,Amoebophilaceae,Candidatus Paenicardinium
Bacteria,Proteobacteria,Alphaproteobacteria,Paracaedibacterales,Paracaedibacteraceae,Candidatus Paracaedibacter
Bacteria,Proteobacteria,Gammaproteobacteria,Burkholderiales,Oxalobacteraceae,Candidatus Profftella
Bacteria,Verrucomicrobiota,Chlamydiae,Chlamydiales,Parachlamydiaceae,Candidatus Protochlamydia
Bacteria,Verrucomicrobiota,Chlamydiae,Chlamydiales,Simkaniaceae,Candidatus Renichlamydia
Bacteria,Verrucomicrobiota,Chlamydiae,Chlamydiales,Simkaniaceae,Candidatus Rhabdochlamydia
Bacteria,Verrucomicrobiota,Chlamydiae,Chlamydiales,Parachlamydiaceae,Candidatus Rubidus
Bacteria,Patescibacteria,Saccharimonadia,Saccharimonadales,Saccharimonadaceae,Candidatus Saccharimonas
Bacteria,Firmicutes,Clostridia,Oscillospirales,Ruminococcaceae,Candidatus Soleaferrea
Bacteria,Acidobacteriota,Acidobacteriae,Solibacterales,Solibacteraceae,Candidatus Solibacter
Bacteria,Proteobacteria,Alphaproteobacteria,Rickettsiales,Rickettsiaceae,Candidatus Trichorickettsia
Bacteria,Verrucomicrobiota,Verrucomicrobiae,Chthoniobacterales,Chthoniobacteraceae,Candidatus Udaeobacter
Bacteria,Verrucomicrobiota,Verrucomicrobiae,Chthoniobacterales,Xiphinematobacteraceae,Candidatus Xiphinematobacter
Bacteria,Proteobacteria,Gammaproteobacteria,Burkholderiales,Alcaligenaceae,Candidimonas
Bacteria,Firmicutes,Clostridia,Oscillospirales,Ruminococcaceae,Caproiciproducens
Bacteria,Firmicutes,Bacilli,Lactobacillales,Carnobacteriaceae,Carnobacterium
Bacteria,Proteobacteria,Gammaproteobacteria,Burkholderiales,Alcaligenaceae,Castellaniella
Bacteria,Actinobacteriota,Actinobacteria,Micromonosporales,Micromonosporaceae,Catellatospora
Bacteria,Actinobacteriota,Actinobacteria,Micromonosporales,Micromonosporaceae,Catelliglobosispora
Bacteria,Actinobacteriota,Actinobacteria,Catenulisporales,Catenulisporaceae,Catenulispora
Bacteria,Actinobacteriota,Actinobacteria,Micromonosporales,Micromonosporaceae,Catenuloplanes
Bacteria,Proteobacteria,Alphaproteobacteria,Caulobacterales,Caulobacteraceae,Caulobacter
Bacteria,Proteobacteria,Gammaproteobacteria,Pseudomonadales,Moraxellaceae,Cavicella
Bacteria,Actinobacteriota,Actinobacteria,Micrococcales,Cellulomonadaceae,Cellulomonas
Bacteria,Firmicutes,Clostridia,Oscillospirales,Hungateiclostridiaceae,Cellulosibacter
Bacteria,Firmicutes,Clostridia,Lachnospirales,Lachnospiraceae,Cellulosilyticum
Bacteria,Actinobacteriota,Actinobacteria,Micrococcales,Promicromonosporaceae,Cellulosimicrobium
Bacteria,Proteobacteria,Gammaproteobacteria,Pseudomonadales,Cellvibrionaceae,Cellvibrio
Bacteria,Cyanobacteria,Cyanobacteriia,Leptolyngbyales,Leptolyngbyaceae,CENA359
Bacteria,Cyanobacteria,Cyanobacteriia,Leptolyngbyales,Leptolyngbyaceae,CENA518
Bacteria,Cyanobacteria,Cyanobacteriia,Cyanobacteriales,Phormidiaceae,Cephalothrix SAG 75.79
Bacteria,Verrucomicrobiota,Verrucomicrobiae,Opitutales,Opitutaceae,Cephaloticoccus
Bacteria,Verrucomicrobiota,Verrucomicrobiae,Opitutales,Puniceicoccaceae,Cerasicoccus
Bacteria,Proteobacteria,Alphaproteobacteria,Rhodobacterales,Rhodobacteraceae,Cereibacter
Bacteria,Bacteroidota,Bacteroidia,Cytophagales,Cyclobacteriaceae,Cesiribacter
Bacteria,Proteobacteria,Alphaproteobacteria,Rhizobiales,Rhizobiaceae,Chelativorans
Bacteria,Proteobacteria,Alphaproteobacteria,Rhizobiales,Beijerinckiaceae,Chelatococcus
Bacteria,Proteobacteria,Gammaproteobacteria,Xanthomonadales,Rhodanobacteraceae,Chiayiivirga
Bacteria,Proteobacteria,Gammaproteobacteria,Burkholderiales,Chitinibacteraceae,Chitinibacter
Bacteria,Proteobacteria,Gammaproteobacteria,Burkholderiales,Chitinimonadaceae,Chitinimonas
Bacteria,Proteobacteria,Gammaproteobacteria,Burkholderiales,Chitinibacteraceae,Chitiniphilus
Bacteria,Bacteroidota,Bacteroidia,Chitinophagales,Chitinophagaceae,Chitinophaga
Bacteria,Chloroflexi,Chloroflexia,Chloroflexales,Chloroflexaceae,Chloronema
Bacteria,Myxococcota,Polyangia,Polyangiales,Polyangiaceae,Chondromyces
Bacteria,Firmicutes,Clostridia,Christensenellales,Christensenellaceae,Christensenellaceae R-7 group
Bacteria,Bacteroidota,Bacteroidia,Flavobacteriales,Weeksellaceae,Chryseobacterium
Bacteria,Actinobacteriota,Actinobacteria,Micrococcales,Microbacteriaceae,Chryseoglobus
Bacteria,Bacteroidota,Bacteroidia,Cytophagales,Microscillaceae,Chryseolinea
Bacteria,Firmicutes,Bacilli,Bacillales,Planococcaceae,Chryseomicrobium
Bacteria,Verrucomicrobiota,Verrucomicrobiae,Chthoniobacterales,Chthoniobacteraceae,Chthoniobacter
Bacteria,Proteobacteria,Alphaproteobacteria,Rhizobiales,Pleomorphomonadaceae,Chthonobacter
Bacteria,Armatimonadota,Chthonomonadetes,Chthonomonadales,Chthonomonadaceae,Chthonomonas
Bacteria,Proteobacteria,Gammaproteobacteria,Xanthomonadales,Rhodanobacteraceae,Chujaibacter
Bacteria,Firmicutes,Bacilli,Bacillales,Planococcaceae,Chungangia
Bacteria,Desulfobacterota,Desulfuromonadia,Geobacterales,Geobacteraceae,Citrifermentans
Bacteria,Proteobacteria,Gammaproteobacteria,Enterobacterales,Enterobacteriaceae,Citrobacter
Bacteria,Actinobacteriota,Acidimicrobiia,Microtrichales,Ilumatobacteraceae,CL500-29 marine group
Bacteria,Planctomycetota,Phycisphaerae,Phycisphaerales,Phycisphaeraceae,CL500-3
Bacteria,Bacteroidota,Bacteroidia,Flavobacteriales,Weeksellaceae,Cloacibacterium
Bacteria,Firmicutes,Clostridia,Peptostreptococcales-Tissierellales,Peptostreptococcaceae,Clostridioides
Bacteria,Firmicutes,Clostridia,Clostridiales,Clostridiaceae,Clostridium sensu stricto 1
Bacteria,Firmicutes,Clostridia,Clostridiales,Clostridiaceae,Clostridium sensu stricto 10
Bacteria,Firmicutes,Clostridia,Clostridiales,Clostridiaceae,Clostridium sensu stricto 11
Bacteria,Firmicutes,Clostridia,Clostridiales,Clostridiaceae,Clostridium sensu stricto 12
Bacteria,Firmicutes,Clostridia,Clostridiales,Clostridiaceae,Clostridium sensu stricto 13
Bacteria,Firmicutes,Clostridia,Clostridiales,Clostridiaceae,Clostridium sensu stricto 2
Bacteria,Firmicutes,Clostridia,Clostridiales,Clostridiaceae,Clostridium sensu stricto 3
Bacteria,Firmicutes,Clostridia,Clostridiales,Clostridiaceae,Clostridium sensu stricto 5
Bacteria,Firmicutes,Clostridia,Clostridiales,Clostridiaceae,Clostridium sensu stricto 6
Bacteria,Firmicutes,Clostridia,Clostridiales,Clostridiaceae,Clostridium sensu stricto 7
Bacteria,Firmicutes,Clostridia,Clostridiales,Clostridiaceae,Clostridium sensu stricto 8
Bacteria,Firmicutes,Clostridia,Clostridiales,Clostridiaceae,Clostridium sensu stricto 9
Bacteria,Proteobacteria,Gammaproteobacteria,Burkholderiales,Oxalobacteraceae,CM1G08
Bacteria,Bacteroidota,Bacteroidia,Chitinophagales,Chitinophagaceae,Cnuella
Bacteria,Firmicutes,Bacilli,Paenibacillales,Paenibacillaceae,Cohnella
Bacteria,Proteobacteria,Gammaproteobacteria,Burkholderiales,Oxalobacteraceae,Collimonas
Bacteria,Proteobacteria,Gammaproteobacteria,Burkholderiales,Comamonadaceae,Comamonas
Bacteria,Actinobacteriota,Thermoleophilia,Solirubrobacterales,Solirubrobacteraceae,Conexibacter
Bacteria,Bacteroidota,Bacteroidia,Flavobacteriales,Flavobacteriaceae,Confluentibacter
Bacteria,Proteobacteria,Alphaproteobacteria,Puniceispirillales,Puniceispirillales Incertae Sedis,Constrictibacter
Bacteria,Actinobacteriota,Actinobacteria,Micrococcales,Microbacteriaceae,Conyzicola
Bacteria,Myxococcota,Myxococcia,Myxococcales,Myxococcaceae,Corallococcus
Bacteria,Actinobacteriota,Actinobacteria,Corynebacteriales,Corynebacteriaceae,Corynebacterium
Bacteria,Proteobacteria,Gammaproteobacteria,Coxiellales,Coxiellaceae,Coxiella
Bacteria,Proteobacteria,Alphaproteobacteria,Acetobacterales,Acetobacteraceae,Craurococcus-Caldovatus
Bacteria,Proteobacteria,Alphaproteobacteria,Acetobacterales,Acetobacteraceae,Crenalkalicoccus
Bacteria,Cyanobacteria,Cyanobacteriia,Cyanobacteriales,Chroococcidiopsaceae,Crinalium SAG 22.89
Bacteria,Proteobacteria,Alphaproteobacteria,Sphingomonadales,Sphingomonadaceae,Croceicoccus
Bacteria,Bacteroidota,Bacteroidia,Flavobacteriales,Crocinitomicaceae,Crocinitomix
Bacteria,Proteobacteria,Gammaproteobacteria,Enterobacterales,Enterobacteriaceae,Cronobacter
Bacteria,Actinobacteriota,Actinobacteria,Pseudonocardiales,Pseudonocardiaceae,Crossiella
Bacteria,Actinobacteriota,Actinobacteria,Micrococcales,Microbacteriaceae,Cryobacterium
Bacteria,Firmicutes,Desulfotomaculia,Desulfotomaculales,Pelotomaculaceae,Cryptanaerobacter
Bacteria,Actinobacteriota,Actinobacteria,Frankiales,Cryptosporangiaceae,Cryptosporangium
Bacteria,Proteobacteria,Gammaproteobacteria,Burkholderiales,Burkholderiaceae,Cupriavidus
Bacteria,Actinobacteriota,Actinobacteria,Micrococcales,Microbacteriaceae,Curtobacterium
Bacteria,Proteobacteria,Gammaproteobacteria,Burkholderiales,Comamonadaceae,Curvibacter
Bacteria,Cyanobacteria,Cyanobacteriia,Cyanobacteriales,Nostocaceae,Cylindrospermum SAG 11.82
Bacteria,Myxococcota,Myxococcia,Myxococcales,Myxococcaceae,Cystobacter
Bacteria,Bacteroidota,Bacteroidia,Cytophagales,Cytophagaceae,Cytophaga
Bacteria,Actinobacteriota,Actinobacteria,Micromonosporales,Micromonosporaceae,Dactylosporangium
Bacteria,Proteobacteria,Gammaproteobacteria,Burkholderiales,Rhodocyclaceae,Dechlorobacter
Bacteria,Proteobacteria,Gammaproteobacteria,Burkholderiales,Rhodocyclaceae,Dechloromonas
Bacteria,Deferrisomatota,Defferrisomatia,Defferrisomatales,Defferrisomataceae,Deferrisoma
Bacteria,Proteobacteria,Alphaproteobacteria,Defluviicoccales,Defluviicoccaceae,Defluviicoccus
Bacteria,Deinococcota,Deinococci,Deinococcales,Deinococcaceae,Deinococcus
Bacteria,Proteobacteria,Gammaproteobacteria,Burkholderiales,Comamonadaceae,Delftia
Bacteria,Actinobacteriota,Actinobacteria,Micrococcales,Demequinaceae,Demequina
Bacteria,Proteobacteria,Gammaproteobacteria,Burkholderiales,Rhodocyclaceae,Denitratisoma
Bacteria,Proteobacteria,Gammaproteobacteria,Burkholderiales,Rhodocyclaceae,Denitromonas
Bacteria,Proteobacteria,Alphaproteobacteria,Azospirillales,Azospirillaceae,Desertibacter
Bacteria,Cyanobacteria,Cyanobacteriia,Cyanobacteriales,Nostocaceae,Desmonostoc PCC-7422
Bacteria,Firmicutes,Desulfotomaculia,Desulfotomaculales,Desulfotomaculales Incertae Sedis,Desulfallas-Sporotomaculum
Bacteria,Firmicutes,Desulfitobacteriia,Desulfitobacteriales,Desulfitobacteriaceae,Desulfitobacterium
Bacteria,Firmicutes,Desulfotomaculia,Desulfotomaculales,Desulfotomaculaceae,Desulfohalotomaculum
Bacteria,Firmicutes,Desulfitobacteriia,Desulfitobacteriales,Desulfitobacteriaceae,Desulfosporosinus
Bacteria,Firmicutes,Desulfotomaculia,Desulfotomaculales,Desulfotomaculaceae,Desulfotomaculum
Bacteria,Desulfobacterota,Desulfovibrionia,Desulfovibrionales,Desulfovibrionaceae,Desulfovibrio
Bacteria,Desulfobacterota,Syntrophobacteria,Syntrophobacterales,Syntrophobacteraceae,Desulfovirga
Bacteria,Desulfobacterota,Desulfuromonadia,Desulfuromonadales,Desulfuromonadaceae,Desulfuromonas
Bacteria,Verrucomicrobiota,Verrucomicrobiae,Pedosphaerales,Pedosphaeraceae,DEV008
Bacteria,Verrucomicrobiota,Verrucomicrobiae,Pedosphaerales,Pedosphaeraceae,DEV114
Bacteria,Proteobacteria,Alphaproteobacteria,Rhizobiales,Devosiaceae,Devosia
Bacteria,Proteobacteria,Gammaproteobacteria,Burkholderiales,Comamonadaceae,Diaphorobacter
Bacteria,Actinobacteriota,Actinobacteria,Corynebacteriales,Dietziaceae,Dietzia
Bacteria,Bacteroidota,Bacteroidia,Chitinophagales,Chitinophagaceae,Dinghuibacter
Bacteria,Verrucomicrobiota,Verrucomicrobiae,Opitutales,Opitutaceae,Diplosphaera
Bacteria,Proteobacteria,Gammaproteobacteria,Xanthomonadales,Rhodanobacteraceae,Dokdonella
Bacteria,Firmicutes,Bacilli,Bacillales,Planococcaceae,Domibacillus
Bacteria,Proteobacteria,Alphaproteobacteria,Dongiales,Dongiaceae,Dongia
Bacteria,Proteobacteria,Alphaproteobacteria,Sphingomonadales,Sphingomonadaceae,DSSF69
Bacteria,Proteobacteria,Gammaproteobacteria,Burkholderiales,Oxalobacteraceae,Duganella
Bacteria,Bacteroidota,Bacteroidia,Cytophagales,Spirosomaceae,Dyadobacter
Bacteria,Proteobacteria,Gammaproteobacteria,Xanthomonadales,Rhodanobacteraceae,Dyella
Bacteria,Bacteroidota,Bacteroidia,Bacteroidales,Dysgonomonadaceae,Dysgonomonas
Bacteria,Actinobacteriota,Actinobacteria,Streptomycetales,Streptomycetaceae,E1B-B3-114
Bacteria,Cyanobacteria,Cyanobacteriia,Leptolyngbyales,Leptolyngbyaceae,EcFYyy-200
Bacteria,Acidobacteriota,Acidobacteriae,Acidobacteriales,Acidobacteriaceae (Subgroup 1),Edaphobacter
Bacteria,Bacteroidota,Bacteroidia,Chitinophagales,Chitinophagaceae,Edaphobaculum
Bacteria,Firmicutes,Bacilli,Alicyclobacillales,Alicyclobacillaceae,Effusibacillus
Bacteria,Actinobacteriota,Actinobacteria,Euzebyales,Euzebyaceae,Egibacter
Bacteria,Bacteroidota,Bacteroidia,Flavobacteriales,Weeksellaceae,Elizabethkingia
Bacteria,Verrucomicrobiota,Verrucomicrobiae,Pedosphaerales,Pedosphaeraceae,Ellin516
Bacteria,Verrucomicrobiota,Verrucomicrobiae,Pedosphaerales,Pedosphaeraceae,Ellin517
Bacteria,Proteobacteria,Alphaproteobacteria,Sphingomonadales,Sphingomonadaceae,Ellin6055
Bacteria,Proteobacteria,Gammaproteobacteria,Burkholderiales,Nitrosomonadaceae,Ellin6067
Bacteria,Bacteroidota,Bacteroidia,Cytophagales,Spirosomaceae,Emticicia
Bacteria,Proteobacteria,Alphaproteobacteria,Acetobacterales,Acetobacteraceae,Endobacter
Bacteria,Elusimicrobiota,Endomicrobia,Endomicrobiales,Endomicrobiaceae,Endomicrobium
Bacteria,Myxococcota,Polyangia,Nannocystales,Nannocystaceae,Enhygromyxa
Bacteria,Actinobacteriota,Coriobacteriia,Coriobacteriales,Coriobacteriaceae,Enorma
Bacteria,Proteobacteria,Alphaproteobacteria,Rhizobiales,Rhizobiaceae,Ensifer
Bacteria,Proteobacteria,Gammaproteobacteria,Enterobacterales,Enterobacteriaceae,Enterobacter
Bacteria,Firmicutes,Bacilli,Lactobacillales,Enterococcaceae,Enterococcus
Bacteria,Firmicutes,Clostridia,Lachnospirales,Lachnospiraceae,Epulopiscium
Bacteria,Firmicutes,Clostridia,Oscillospirales,Hungateiclostridiaceae,Ercella
Bacteria,Verrucomicrobiota,Verrucomicrobiae,Opitutales,Opitutaceae,Ereboglobus
Bacteria,Proteobacteria,Gammaproteobacteria,Enterobacterales,Erwiniaceae,Erwinia
Bacteria,Firmicutes,Bacilli,Erysipelotrichales,Erysipelotrichaceae,Erysipelothrix
Bacteria,Proteobacteria,Alphaproteobacteria,Sphingomonadales,Sphingomonadaceae,Erythrobacter
Bacteria,Proteobacteria,Gammaproteobacteria,Enterobacterales,Enterobacteriaceae,Escherichia-Shigella
Bacteria,Verrucomicrobiota,Chlamydiae,Chlamydiales,Criblamydiaceae,Estrella
Bacteria,Firmicutes,Clostridia,Oscillospirales,Ethanoligenenaceae,Ethanoligenens
Bacteria,Actinobacteriota,Actinobacteria,Euzebyales,Euzebyaceae,Euzebya
Bacteria,Firmicutes,Bacilli,Exiguobacterales,Exiguobacteraceae,Exiguobacterium
Bacteria,Chloroflexi,Ktedonobacteria,Ktedonobacterales,Ktedonobacteraceae,FCPS473
Bacteria,Proteobacteria,Gammaproteobacteria,Burkholderiales,Rhodocyclaceae,Ferribacterium
Bacteria,Actinobacteriota,Acidimicrobiia,Acidimicrobiales,Acidimicrobiaceae,Ferrithrix
Bacteria,Proteobacteria,Alphaproteobacteria,Ferrovibrionales,Ferrovibrionaceae,Ferrovibrio
Bacteria,Bacteroidota,Bacteroidia,Chitinophagales,Chitinophagaceae,Ferruginibacter
Bacteria,Proteobacteria,Alphaproteobacteria,Rhizobiales,Beijerinckiaceae,FFCH5858
Bacteria,Chloroflexi,Chloroflexia,Chloroflexales,Chloroflexaceae,FFCH7168
Bacteria,Bacteroidota,Bacteroidia,Cytophagales,Spirosomaceae,Fibrella
Bacteria,Bacteroidota,Bacteroidia,Cytophagales,Spirosomaceae,Fibrisoma
Bacteria,Firmicutes,Bacilli,Bacillales,Bacillaceae,Fictibacillus
Bacteria,Bacteroidota,Bacteroidia,Chitinophagales,Chitinophagaceae,Filimonas
Bacteria,Planctomycetota,Planctomycetes,Gemmatales,Gemmataceae,Fimbriiglobus
Bacteria,Armatimonadota,Fimbriimonadia,Fimbriimonadales,Fimbriimonadaceae,Fimbriimonas
Bacteria,Cyanobacteria,Cyanobacteriia,Cyanobacteriales,Nostocaceae,Fischerella PCC-9339
Bacteria,Bacteroidota,Bacteroidia,Chitinophagales,Chitinophagaceae,Flaviaesturariibacter
Bacteria,Bacteroidota,Bacteroidia,Chitinophagales,Chitinophagaceae,Flavihumibacter
Bacteria,Bacteroidota,Bacteroidia,Chitinophagales,Chitinophagaceae,Flavisolibacter
Bacteria,Bacteroidota,Bacteroidia,Chitinophagales,Chitinophagaceae,Flavitalea
Bacteria,Bacteroidota,Bacteroidia,Flavobacteriales,Flavobacteriaceae,Flavobacterium
Bacteria,Bacteroidota,Bacteroidia,Cytophagales,Microscillaceae,Flexibacter
Bacteria,Proteobacteria,Gammaproteobacteria,Pseudomonadales,Moraxellaceae,Fluviicoccus
Bacteria,Bacteroidota,Bacteroidia,Flavobacteriales,Crocinitomicaceae,Fluviicola
Bacteria,Firmicutes,Clostridia,Clostridiales,Caloramatoraceae,Fonticella
Bacteria,Proteobacteria,Gammaproteobacteria,Salinisphaerales,Solimonadaceae,Fontimonas
Bacteria,Proteobacteria,Gammaproteobacteria,Burkholderiales,Chitinibacteraceae,Formivibrio
Bacteria,Actinobacteriota,Actinobacteria,Frankiales,Frankiaceae,Frankia
Bacteria,Proteobacteria,Gammaproteobacteria,Xanthomonadales,Rhodanobacteraceae,Frateuria
Bacteria,Actinobacteriota,Actinobacteria,Micrococcales,Microbacteriaceae,Frondihabitans
Bacteria,Verrucomicrobiota,Verrucomicrobiae,Chthoniobacterales,Terrimicrobiaceae,FukuN18 freshwater group
Bacteria,Bacteroidota,Bacteroidia,Cytophagales,Cyclobacteriaceae,Fulvivirga
Bacteria,Chloroflexi,Ktedonobacteria,Ktedonobacterales,Ktedonobacteraceae,G12-WMSP1
Bacteria,Verrucomicrobiota,Chlamydiae,Chlamydiales,Simkaniaceae,Ga0074140
Bacteria,Actinobacteriota,Thermoleophilia,Gaiellales,Gaiellaceae,Gaiella
Bacteria,Actinobacteriota,Actinobacteria,Micrococcales,Microbacteriaceae,Galbitalea
Bacteria,Proteobacteria,Alphaproteobacteria,Tistrellales,Geminicoccaceae,Geminicoccus
Bacteria,Planctomycetota,Planctomycetes,Gemmatales,Gemmataceae,Gemmata
Bacteria,Gemmatimonadota,Gemmatimonadetes,Gemmatimonadales,Gemmatimonadaceae,Gemmatimonas
Bacteria,Gemmatimonadota,Gemmatimonadetes,Gemmatimonadales,Gemmatimonadaceae,Gemmatirosa
Bacteria,Proteobacteria,Alphaproteobacteria,Rhodobacterales,Rhodobacteraceae,Gemmobacter
Bacteria,Desulfobacterota,Desulfuromonadia,Desulfuromonadales,Geoalkalibacteraceae,Geoalkalibacter
Bacteria,Firmicutes,Bacilli,Bacillales,Bacillaceae,Geobacillus
Bacteria,Desulfobacterota,Desulfuromonadia,Geobacterales,Geobacteraceae,Geobacter
Bacteria,Actinobacteriota,Actinobacteria,Frankiales,Geodermatophilaceae,Geodermatophilus
Bacteria,Firmicutes,Bacilli,Bacillales,Marinococcaceae,Geomicrobium
Bacteria,Actinobacteriota,Actinobacteria,Micrococcales,Bogoriellaceae,Georgenia
Bacteria,Proteobacteria,Gammaproteobacteria,Burkholderiales,Rhodocyclaceae,Georgfuchsia
Bacteria,Desulfobacterota,Desulfuromonadia,Geobacterales,Geobacteraceae,Geotalea
Bacteria,Firmicutes,Bacilli,Thermoactinomycetales,Thermoactinomycetaceae,Geothermomicrobium
Bacteria,Acidobacteriota,Holophagae,Holophagales,Holophagaceae,Geothrix
Bacteria,Planctomycetota,Planctomycetes,Planctomycetales,Gimesiaceae,Gimesia
Bacteria,Proteobacteria,Gammaproteobacteria,Burkholderiales,Alcaligenaceae,GKS98 freshwater group
Bacteria,Actinobacteriota,Actinobacteria,Micrococcales,Microbacteriaceae,Glaciihabitans
Bacteria,Proteobacteria,Alphaproteobacteria,Acetobacterales,Acetobacteraceae,Gluconacetobacter
Bacteria,Actinobacteriota,Actinobacteria,Glycomycetales,Glycomycetaceae,Glycomyces
Bacteria,Actinobacteriota,Actinobacteria,Corynebacteriales,Nocardiaceae,Gordonia
Bacteria,Proteobacteria,Gammaproteobacteria,Burkholderiales,Nitrosomonadaceae,GOUTA6
Bacteria,Firmicutes,Bacilli,Bacillales,Bacillaceae,Gracilibacillus
Bacteria,Acidobacteriota,Acidobacteriae,Acidobacteriales,Acidobacteriaceae (Subgroup 1),Granulicella
Bacteria,Patescibacteria,Saccharimonadia,Saccharimonadales,Saccharimonadaceae,GTL1
Bacteria,Chloroflexi,Anaerolineae,Anaerolineales,Anaerolineaceae,GWD2-49-16
Bacteria,Proteobacteria,Gammaproteobacteria,Enterobacterales,Pasteurellaceae,Haemophilus
Bacteria,Proteobacteria,Gammaproteobacteria,Pseudomonadales,Hahellaceae,Hahella
Bacteria,Myxococcota,Polyangia,Haliangiales,Haliangiaceae,Haliangium
Bacteria,Actinobacteriota,Actinobacteria,Propionibacteriales,Propionibacteriaceae,Haloactinopolyspora
Bacteria,Firmicutes,Bacilli,Bacillales,Bacillaceae,Halobacillus
Bacteria,Halanaerobiaeota,Halanaerobiia,Halanaerobiales,Halanaerobiaceae,Halocella
Bacteria,Proteobacteria,Gammaproteobacteria,Pseudomonadales,Halomonadaceae,Halomonas
Bacteria,Firmicutes,Bacilli,Haloplasmatales,Haloplasmataceae,Haloplasma
Bacteria,Actinobacteriota,Actinobacteria,Micromonosporales,Micromonosporaceae,Hamadaea
Bacteria,Proteobacteria,Alphaproteobacteria,Rhizobiales,Methylopilaceae,Hansschlegelia
Bacteria,Bacteroidota,Bacteroidia,Cytophagales,Microscillaceae,Hassallia
Bacteria,Cyanobacteria,Cyanobacteriia,Leptolyngbyales,Leptolyngbyaceae,HAVOmat113
Bacteria,Proteobacteria,Gammaproteobacteria,Pseudomonadales,Halomonadaceae,HdN1
Bacteria,Bacteroidota,Bacteroidia,Chitinophagales,Chitinophagaceae,Heliimonas
Bacteria,Proteobacteria,Alphaproteobacteria,Sphingomonadales,Sphingomonadaceae,Hephaestia
Bacteria,Proteobacteria,Gammaproteobacteria,Burkholderiales,Oxalobacteraceae,Herbaspirillum
Bacteria,Actinobacteriota,Actinobacteria,Micrococcales,Microbacteriaceae,Herbiconiux
Bacteria,Actinobacteriota,Actinobacteria,Streptosporangiales,Streptosporangiaceae,Herbidospora
Bacteria,Firmicutes,Clostridia,Lachnospirales,Lachnospiraceae,Herbinix
Bacteria,Proteobacteria,Gammaproteobacteria,Burkholderiales,Oxalobacteraceae,Herminiimonas
Bacteria,Chloroflexi,Chloroflexia,Chloroflexales,Herpetosiphonaceae,Herpetosiphon
Bacteria,Proteobacteria,Alphaproteobacteria,Caulobacterales,Hyphomonadaceae,Hirschia
Bacteria,Firmicutes,Clostridia,Oscillospirales,Hungateiclostridiaceae,HN-HF0106
Bacteria,Proteobacteria,Alphaproteobacteria,Rhizobiales,Rhizobiaceae,Hoeflea
Bacteria,Acidobacteriota,Holophagae,Holophagales,Holophagaceae,Holophaga
Bacteria,Chloroflexi,Ktedonobacteria,Ktedonobacterales,Ktedonobacteraceae,HSB OF53-F07
Bacteria,Firmicutes,Bacilli,Lactobacillales,Lactobacillaceae,HT002
Bacteria,Actinobacteriota,Actinobacteria,Micrococcales,Intrasporangiaceae,Humibacillus
Bacteria,Firmicutes,Clostridia,Oscillospirales,Hungateiclostridiaceae,Hungateiclostridium
Bacteria,Proteobacteria,Gammaproteobacteria,Salinisphaerales,Solimonadaceae,Hydrocarboniphaga
Bacteria,Proteobacteria,Gammaproteobacteria,Burkholderiales,Comamonadaceae,Hydrogenophaga
Bacteria,Bacteroidota,Bacteroidia,Chitinophagales,Chitinophagaceae,Hydrotalea
Bacteria,Proteobacteria,Gammaproteobacteria,Burkholderiales,Comamonadaceae,Hylemonella
Bacteria,Bacteroidota,Bacteroidia,Cytophagales,Hymenobacteraceae,Hymenobacter
Bacteria,Proteobacteria,Alphaproteobacteria,Rhizobiales,Hyphomicrobiaceae,Hyphomicrobium
Bacteria,Planctomycetota,Phycisphaerae,Phycisphaerales,Phycisphaeraceae,I-8
Bacteria,Actinobacteriota,Acidimicrobiia,Microtrichales,Iamiaceae,Iamia
Bacteria,Proteobacteria,Gammaproteobacteria,Burkholderiales,Comamonadaceae,Ideonella
Bacteria,Proteobacteria,Gammaproteobacteria,Enterobacterales,Idiomarinaceae,Idiomarina
Bacteria,Proteobacteria,Gammaproteobacteria,Cardiobacteriales,Wohlfahrtiimonadaceae,Ignatzschineria
Bacteria,Bacteroidota,Ignavibacteria,Ignavibacteriales,Ignavibacteriaceae,Ignavibacterium
Bacteria,Actinobacteriota,Acidimicrobiia,Microtrichales,Ilumatobacteraceae,Ilumatobacter
Bacteria,Verrucomicrobiota,Verrucomicrobiae,Opitutales,Opitutaceae,IMCC26134
Bacteria,Actinobacteriota,Acidimicrobiia,Microtrichales,Microtrichaceae,IMCC26207
Bacteria,Firmicutes,Clostridia,Lachnospirales,Lachnospiraceae,Incertae Sedis
Bacteria,Proteobacteria,Alphaproteobacteria,Azospirillales,Inquilinaceae,Inquilinus
Bacteria,Firmicutes,Clostridia,Oscillospirales,Oscillospiraceae,Intestinimonas
Bacteria,Actinobacteriota,Actinobacteria,Micrococcales,Intrasporangiaceae,Intrasporangium
Bacteria,Proteobacteria,Gammaproteobacteria,Burkholderiales,Nitrosomonadaceae,IS-44
Bacteria,Actinobacteriota,Actinobacteria,Micrococcales,Promicromonosporaceae,Isoptericola
Bacteria,Planctomycetota,Planctomycetes,Isosphaerales,Isosphaeraceae,Isosphaera
Bacteria,Myxococcota,Polyangia,Polyangiales,Polyangiaceae,Jahnella
Bacteria,Proteobacteria,Gammaproteobacteria,Burkholderiales,Oxalobacteraceae,Janthinobacterium
Bacteria,Actinobacteriota,Actinobacteria,Frankiales,Frankiaceae,Jatrophihabitans
Bacteria,Actinobacteriota,Thermoleophilia,Solirubrobacterales,Solirubrobacteraceae,JCM 18997
Bacteria,Proteobacteria,Gammaproteobacteria,Burkholderiales,Chitinibacteraceae,Jeongeupia
Bacteria,Firmicutes,Bacilli,Bacillales,Planococcaceae,Jeotgalibacillus
Bacteria,Firmicutes,Bacilli,Staphylococcales,Staphylococcaceae,Jeotgalicoccus
Bacteria,Chloroflexi,Ktedonobacteria,Ktedonobacterales,Ktedonobacteraceae,JG30a-KF-32
Bacteria,Acidobacteriota,Blastocatellia,Blastocatellales,Blastocatellaceae,JGI 0001001-H03
Bacteria,Actinobacteriota,Actinobacteria,Propionibacteriales,Propionibacteriaceae,Jiangella
Bacteria,Cyanobacteria,Cyanobacteriia,Leptolyngbyales,Leptolyngbyaceae,JSC-12
Bacteria,Proteobacteria,Gammaproteobacteria,Steroidobacterales,Woeseiaceae,JTB255 marine benthic group
Bacteria,Proteobacteria,Alphaproteobacteria,Rhizobiales,Kaistiaceae,Kaistia
Bacteria,Chloroflexi,Chloroflexia,Kallotenuales,Kallotenuaceae,Kallotenue
Bacteria,Myxococcota,Myxococcia,Myxococcales,Myxococcaceae,KD3-10
Bacteria,Proteobacteria,Gammaproteobacteria,Pseudomonadales,Alcanivoracaceae,Ketobacter
Bacteria,Actinobacteriota,Actinobacteria,Pseudonocardiales,Pseudonocardiaceae,Kibdelosporangium
Bacteria,Actinobacteriota,Actinobacteria,Kineosporiales,Kineosporiaceae,Kineococcus
Bacteria,Actinobacteriota,Actinobacteria,Kineosporiales,Kineosporiaceae,Kineosporia
Bacteria,Proteobacteria,Gammaproteobacteria,Burkholderiales,Comamonadaceae,Kinneretia
Bacteria,Actinobacteriota,Actinobacteria,Streptomycetales,Streptomycetaceae,Kitasatospora
Bacteria,Proteobacteria,Gammaproteobacteria,Enterobacterales,Enterobacteriaceae,Klebsiella
Bacteria,Actinobacteriota,Actinobacteria,Frankiales,Geodermatophilaceae,Klenkia
Bacteria,Proteobacteria,Gammaproteobacteria,Enterobacterales,Enterobacteriaceae,Kluyvera
Bacteria,Actinobacteriota,Actinobacteria,Micrococcales,Intrasporangiaceae,Knoellia
Bacteria,Actinobacteriota,Actinobacteria,Micrococcales,Micrococcaceae,Kocuria
Bacteria,Proteobacteria,Gammaproteobacteria,Enterobacterales,Enterobacteriaceae,Kosakonia
Bacteria,Chloroflexi,Chloroflexia,Chloroflexales,Roseiflexaceae,Kouleothrix
Bacteria,Actinobacteriota,Actinobacteria,Micromonosporales,Micromonosporaceae,Krasilnikovia
Bacteria,Actinobacteriota,Actinobacteria,Propionibacteriales,Nocardioidaceae,Kribbella
Bacteria,Firmicutes,Bacilli,Thermoactinomycetales,Thermoactinomycetaceae,Kroppenstedtia
Bacteria,Chloroflexi,Ktedonobacteria,Ktedonobacterales,Ktedonobacteraceae,Ktedonobacter
Bacteria,Firmicutes,Bacilli,Bacillales,Planococcaceae,Kurthia
Bacteria,Actinobacteriota,Actinobacteria,Pseudonocardiales,Pseudonocardiaceae,Kutzneria
Bacteria,Myxococcota,Polyangia,Polyangiales,Polyangiaceae,Labilithrix
Bacteria,Proteobacteria,Alphaproteobacteria,Rhizobiales,Labraceae,Labrys
Bacteria,Firmicutes,Bacilli,Thermoactinomycetales,Thermoactinomycetaceae,Laceyella
Bacteria,Firmicutes,Clostridia,Lachnospirales,Lachnospiraceae,Lachnoclostridium
Bacteria,Firmicutes,Clostridia,Lachnospirales,Lachnospiraceae,Lachnospiraceae NK3A20 group
Bacteria,Firmicutes,Clostridia,Lachnospirales,Lachnospiraceae,Lachnospiraceae NK4A136 group
Bacteria,Firmicutes,Clostridia,Lachnospirales,Lachnospiraceae,Lachnotalea
Bacteria,Bacteroidota,Bacteroidia,Chitinophagales,Chitinophagaceae,Lacibacter
Bacteria,Proteobacteria,Alphaproteobacteria,Elsterales,Elsteraceae,Lacibacterium
Bacteria,Firmicutes,Bacilli,Lactobacillales,Lactobacillaceae,Lactobacillus
Bacteria,Firmicutes,Bacilli,Lactobacillales,Streptococcaceae,Lactococcus
Bacteria,Verrucomicrobiota,Verrucomicrobiae,Opitutales,Opitutaceae,Lacunisphaera
Bacteria,Actinobacteriota,Actinobacteria,Micrococcales,Intrasporangiaceae,Lapillicoccus
Bacteria,Proteobacteria,Gammaproteobacteria,Burkholderiales,Aquaspirillaceae,Laribacter
Bacteria,Bacteroidota,Bacteroidia,Cytophagales,Spirosomaceae,Larkinella
Bacteria,Proteobacteria,Gammaproteobacteria,Burkholderiales,Burkholderiaceae,Lautropia
Bacteria,Actinobacteriota,Actinobacteria,Corynebacteriales,Corynebacteriaceae,Lawsonella
Bacteria,Verrucomicrobiota,Verrucomicrobiae,Chthoniobacterales,Chthoniobacteraceae,LD29
Bacteria,Bacteroidota,Bacteroidia,Cytophagales,Spirosomaceae,Leadbetterella
Bacteria,Actinobacteriota,Actinobacteria,Pseudonocardiales,Pseudonocardiaceae,Lechevalieria
Bacteria,Proteobacteria,Gammaproteobacteria,Burkholderiales,Leeiaceae,Leeia
Bacteria,Proteobacteria,Gammaproteobacteria,Legionellales,Legionellaceae,Legionella
Bacteria,Actinobacteriota,Actinobacteria,Micrococcales,Microbacteriaceae,Leifsonia
Bacteria,Proteobacteria,Gammaproteobacteria,Enterobacterales,Enterobacteriaceae,Lelliottia
Bacteria,Verrucomicrobiota,Verrucomicrobiae,Opitutales,Puniceicoccaceae,Lentimonas
Bacteria,Cyanobacteria,Cyanobacteriia,Leptolyngbyales,Leptolyngbyaceae,Leptolyngbya ANT.L52.2
Bacteria,Cyanobacteria,Cyanobacteriia,Oxyphotobacteria Incertae Sedis,Unknown Family,Leptolyngbya EcFYyyy-00
Bacteria,Cyanobacteria,Cyanobacteriia,Leptolyngbyales,Leptolyngbyaceae,Leptolyngbya Es-Yyy1000
Bacteria,Cyanobacteria,Cyanobacteriia,Leptolyngbyales,Leptolyngbyaceae,Leptolyngbya PCC-6306
Bacteria,Cyanobacteria,Cyanobacteriia,Leptolyngbyales,Leptolyngbyaceae,Leptolyngbya RV74
Bacteria,Spirochaetota,Leptospirae,Leptospirales,Leptospiraceae,Leptospira
Bacteria,Proteobacteria,Gammaproteobacteria,Burkholderiales,Comamonadaceae,Leptothrix
Bacteria,Actinobacteriota,Actinobacteria,Micrococcales,Microbacteriaceae,Leucobacter
Bacteria,Firmicutes,Bacilli,Thermoactinomycetales,Thermoactinomycetaceae,Lihuaxuella
Bacteria,Proteobacteria,Alphaproteobacteria,Rhodobacterales,Rhodobacteraceae,Limibaculum
Bacteria,Proteobacteria,Gammaproteobacteria,Burkholderiales,Burkholderiaceae,Limnobacter
Bacteria,Proteobacteria,Gammaproteobacteria,Burkholderiales,Comamonadaceae,Limnohabitans
Bacteria,Chloroflexi,Anaerolineae,Caldilineales,Caldilineaceae,Litorilinea
Bacteria,Gemmatimonadota,Longimicrobia,Longimicrobiales,Longimicrobiaceae,Longimicrobium
Bacteria,Actinobacteriota,Actinobacteria,Pseudonocardiales,Pseudonocardiaceae,Longimycelium
Bacteria,Actinobacteriota,Actinobacteria,Micromonosporales,Micromonosporaceae,Longispora
Bacteria,Actinobacteriota,Actinobacteria,Frankiales,Sporichthyaceae,Longivirga
Bacteria,Actinobacteriota,Actinobacteria,Micromonosporales,Micromonosporaceae,Luedemannella
Bacteria,Proteobacteria,Gammaproteobacteria,Xanthomonadales,Rhodanobacteraceae,Luteibacter
Bacteria,Proteobacteria,Gammaproteobacteria,Xanthomonadales,Xanthomonadaceae,Luteimonas
Bacteria,Acidobacteriota,Vicinamibacteria,Vicinamibacterales,Vicinamibacteraceae,Luteitalea
Bacteria,Bacteroidota,Bacteroidia,Cytophagales,Flammeovirgaceae,Luteivirga
Bacteria,Verrucomicrobiota,Verrucomicrobiae,Verrucomicrobiales,Rubritaleaceae,Luteolibacter
Bacteria,Firmicutes,Bacilli,Bacillales,Planococcaceae,Lysinibacillus
Bacteria,Actinobacteriota,Actinobacteria,Micrococcales,Microbacteriaceae,Lysinimonas
Bacteria,Proteobacteria,Gammaproteobacteria,Xanthomonadales,Xanthomonadaceae,Lysobacter
Bacteria,Bacteroidota,Bacteroidia,Bacteroidales,Rikenellaceae,M2PB4-61 termite group
Bacteria,Proteobacteria,Alphaproteobacteria,Rhodospirillales,Magnetospirillaceae,Magnetospirillum
Bacteria,Proteobacteria,Gammaproteobacteria,Pseudomonadales,Halieaceae,Marimicrobium
Bacteria,Proteobacteria,Gammaproteobacteria,Pseudomonadales,Marinobacteraceae,Marinobacter
Bacteria,Actinobacteriota,Actinobacteria,Propionibacteriales,Nocardioidaceae,Marmoricola
Bacteria,Proteobacteria,Gammaproteobacteria,Burkholderiales,Oxalobacteraceae,Massilia
Bacteria,Deinococcota,Deinococci,Thermales,Thermaceae,Meiothermus
Bacteria,Firmicutes,Bacilli,Thermoactinomycetales,Thermoactinomycetaceae,Melghirimyces
Bacteria,Myxococcota,Myxococcia,Myxococcales,Myxococcaceae,Melittangium
Bacteria,Proteobacteria,Alphaproteobacteria,Rhizobiales,Rhizobiaceae,Mesorhizobium
Bacteria,Proteobacteria,Gammaproteobacteria,Burkholderiales,Comamonadaceae,Methylibium
Bacteria,Proteobacteria,Gammaproteobacteria,Burkholderiales,Methylophilaceae,Methylobacillus
Bacteria,Proteobacteria,Gammaproteobacteria,Methylococcales,Methylomonadaceae,Methylobacter
Bacteria,Proteobacteria,Alphaproteobacteria,Rhizobiales,Beijerinckiaceae,Methylobacterium-Methylorubrum
Bacteria,Proteobacteria,Gammaproteobacteria,Methylococcales,Methylococcaceae,Methylocaldum
Bacteria,Proteobacteria,Alphaproteobacteria,Rhizobiales,Beijerinckiaceae,Methylocapsa
Bacteria,Proteobacteria,Alphaproteobacteria,Rhizobiales,Methyloligellaceae,Methyloceanibacter
Bacteria,Proteobacteria,Alphaproteobacteria,Rhizobiales,Beijerinckiaceae,Methylocella
Bacteria,Proteobacteria,Alphaproteobacteria,Rhizobiales,Beijerinckiaceae,Methylocystis
Bacteria,Proteobacteria,Gammaproteobacteria,Methylococcales,Methylomonadaceae,Methylomicrobium
Bacteria,Proteobacteria,Gammaproteobacteria,Burkholderiales,Methylophilaceae,Methylophilus
Bacteria,Proteobacteria,Alphaproteobacteria,Rhizobiales,Methylopilaceae,Methylopila
Bacteria,Proteobacteria,Alphaproteobacteria,Rhizobiales,Beijerinckiaceae,Methylorosula
Bacteria,Proteobacteria,Alphaproteobacteria,Rhizobiales,Beijerinckiaceae,Methylosinus
Bacteria,Proteobacteria,Gammaproteobacteria,Burkholderiales,Methylophilaceae,Methylotenera
Bacteria,Proteobacteria,Gammaproteobacteria,Burkholderiales,Rhodocyclaceae,Methyloversatilis
Bacteria,Proteobacteria,Alphaproteobacteria,Rhizobiales,Beijerinckiaceae,Methylovirgula
Bacteria,Proteobacteria,Gammaproteobacteria,Burkholderiales,Methylophilaceae,Methylovorus
Bacteria,Proteobacteria,Alphaproteobacteria,Micavibrionales,Micavibrionaceae,Micavibrio
Bacteria,Actinobacteriota,Actinobacteria,Micrococcales,Microbacteriaceae,Microbacterium
Bacteria,Actinobacteriota,Actinobacteria,Streptosporangiales,Streptosporangiaceae,Microbispora
Bacteria,Actinobacteriota,Actinobacteria,Micrococcales,Microbacteriaceae,Microcella
Bacteria,Actinobacteriota,Actinobacteria,Micrococcales,Micrococcaceae,Micrococcus
Bacteria,Cyanobacteria,Cyanobacteriia,Cyanobacteriales,Coleofasciculaceae,Microcoleus Es-Yyy1400
Bacteria,Cyanobacteria,Cyanobacteriia,Cyanobacteriales,Coleofasciculaceae,Microcoleus PCC-7113
Bacteria,Actinobacteriota,Actinobacteria,Propionibacteriales,Propionibacteriaceae,Microlunatus
Bacteria,Actinobacteriota,Actinobacteria,Micromonosporales,Micromonosporaceae,Micromonospora
Bacteria,Proteobacteria,Alphaproteobacteria,Micropepsales,Micropepsaceae,Micropepsis
Bacteria,Cyanobacteria,Cyanobacteriia,Cyanobacteriales,Cyanobacteriales Incertae Sedis,Microseira Carmichael-Alabama
Bacteria,Proteobacteria,Alphaproteobacteria,Rhizobiales,Beijerinckiaceae,Microvirga
Bacteria,Proteobacteria,Gammaproteobacteria,Burkholderiales,Aquaspirillaceae,Microvirgula
Bacteria,Myxococcota,Polyangia,Polyangiales,Polyangiaceae,Minicystis
Bacteria,Proteobacteria,Gammaproteobacteria,Burkholderiales,Comamonadaceae,Mitsuaria
Bacteria,Proteobacteria,Gammaproteobacteria,Xanthomonadales,Rhodanobacteraceae,Mizugakiibacter
Bacteria,Proteobacteria,Gammaproteobacteria,Burkholderiales,Nitrosomonadaceae,mle1-7
Bacteria,Proteobacteria,Gammaproteobacteria,Burkholderiales,Methylophilaceae,MM2
Bacteria,Proteobacteria,Alphaproteobacteria,Sphingomonadales,Sphingomonadaceae,MN 122.2a
Bacteria,Proteobacteria,Gammaproteobacteria,Burkholderiales,Nitrosomonadaceae,MND1
Bacteria,Firmicutes,Clostridia,Lachnospirales,Lachnospiraceae,Mobilisporobacter
Bacteria,Firmicutes,Clostridia,Lachnospirales,Lachnospiraceae,Mobilitalea
Bacteria,Actinobacteriota,Actinobacteria,Frankiales,Geodermatophilaceae,Modestobacter
Bacteria,Bacteroidota,Bacteroidia,Flavobacteriales,Weeksellaceae,Moheibacter
Bacteria,Firmicutes,Clostridia,Monoglobales,Monoglobaceae,Monoglobus
Bacteria,Firmicutes,Moorellia,Moorellales,Moorellaceae,Moorella
Bacteria,Actinobacteriota,Actinobacteria,Streptosporangiales,Streptosporangiales Incertae Sedis,Motilibacter
Bacteria,Bacteroidota,Bacteroidia,Sphingobacteriales,Sphingobacteriaceae,Mucilaginibacter
Bacteria,Actinobacteriota,Actinobacteria,Micrococcales,Promicromonosporaceae,Myceligenerans
Bacteria,Actinobacteriota,Actinobacteria,Micrococcales,Microbacteriaceae,Mycetocola
Bacteria,Proteobacteria,Gammaproteobacteria,Burkholderiales,Burkholderiaceae,Mycoavidus
Bacteria,Actinobacteriota,Actinobacteria,Corynebacteriales,Mycobacteriaceae,Mycobacterium
Bacteria,Proteobacteria,Alphaproteobacteria,Rhizobiales,Rhizobiaceae,Mycoplana
Bacteria,Firmicutes,Bacilli,Mycoplasmatales,Mycoplasmataceae,Mycoplasma
Bacteria,Myxococcota,Myxococcia,Myxococcales,Myxococcaceae,Myxococcus
Bacteria,Actinobacteriota,Actinobacteria,Frankiales,Nakamurellaceae,Nakamurella
Bacteria,Myxococcota,Polyangia,Nannocystales,Nannocystaceae,Nannocystis
Bacteria,Proteobacteria,Gammaproteobacteria,Burkholderiales,Neisseriaceae,Neisseria
Bacteria,Proteobacteria,Alphaproteobacteria,Rhizobiales,Beijerinckiaceae,Neo-b11
Bacteria,Verrucomicrobiota,Chlamydiae,Chlamydiales,Parachlamydiaceae,Neochlamydia
Bacteria,Proteobacteria,Alphaproteobacteria,Rhizobiales,Rhizobiaceae,Neorhizobium
Bacteria,Proteobacteria,Gammaproteobacteria,Salinisphaerales,Solimonadaceae,Nevskia
Bacteria,Bacteroidota,Bacteroidia,Chitinophagales,Chitinophagaceae,Niabella
Bacteria,Bacteroidota,Bacteroidia,Chitinophagales,Chitinophagaceae,Niastella
Bacteria,Bacteroidota,Bacteroidia,Cytophagales,Spirosomaceae,Nibrella
Bacteria,Bacteroidota,Bacteroidia,Cytophagales,Hymenobacteraceae,Nibribacter
Bacteria,Proteobacteria,Alphaproteobacteria,Rhizobiales,Rhizobiaceae,Nitratireductor
Bacteria,Proteobacteria,Alphaproteobacteria,Rhizobiales,Xanthobacteraceae,Nitrobacter
Bacteria,Chloroflexi,Chloroflexia,Thermomicrobiales,Thermomicrobiaceae,Nitrolancea
Bacteria,Proteobacteria,Gammaproteobacteria,Burkholderiales,Nitrosomonadaceae,Nitrosomonas
Bacteria,Proteobacteria,Gammaproteobacteria,Burkholderiales,Nitrosomonadaceae,Nitrosospira
Bacteria,Nitrospirota,Nitrospiria,Nitrospirales,Nitrospiraceae,Nitrospira
Bacteria,Proteobacteria,Alphaproteobacteria,Azospirillales,Azospirillaceae,Nitrospirillum
Bacteria,Proteobacteria,Gammaproteobacteria,Burkholderiales,Rhodocyclaceae,Niveibacterium
Bacteria,Proteobacteria,Alphaproteobacteria,Azospirillales,Azospirillaceae,Niveispirillum
Bacteria,Firmicutes,Clostridia,Oscillospirales,Oscillospiraceae,NK4A214 group
Bacteria,Actinobacteriota,Actinobacteria,Corynebacteriales,Nocardiaceae,Nocardia
Bacteria,Actinobacteriota,Actinobacteria,Propionibacteriales,Nocardioidaceae,Nocardioides
Bacteria,Actinobacteriota,Actinobacteria,Streptosporangiales,Nocardiopsaceae,Nocardiopsis
Bacteria,Cyanobacteria,Cyanobacteriia,Phormidesmiales,Nodosilineaceae,Nodosilinea PCC-7104
Bacteria,Actinobacteriota,Actinobacteria,Streptosporangiales,Streptosporangiaceae,Nonomuraea
Bacteria,Proteobacteria,Alphaproteobacteria,Rhizobiales,Rhizobiales Incertae Sedis,Nordella
Bacteria,Firmicutes,Bacilli,Staphylococcales,Staphylococcaceae,Nosocomiicoccus
Bacteria,Cyanobacteria,Cyanobacteriia,Cyanobacteriales,Nostocaceae,Nostoc PCC-7107
Bacteria,Cyanobacteria,Cyanobacteriia,Cyanobacteriales,Nostocaceae,Nostoc PCC-73102
Bacteria,Cyanobacteria,Cyanobacteriia,Cyanobacteriales,Nostocaceae,Nostoc PCC-7524
Bacteria,Firmicutes,Bacilli,Thermoactinomycetales,Thermoactinomycetaceae,Novibacillus
Bacteria,Proteobacteria,Gammaproteobacteria,Burkholderiales,Oxalobacteraceae,Noviherbaspirillum
Bacteria,Proteobacteria,Alphaproteobacteria,Sphingomonadales,Sphingomonadaceae,Novosphingobium
Bacteria,Bacteroidota,Bacteroidia,Sphingobacteriales,Sphingobacteriaceae,Nubsella
Bacteria,Acidobacteriota,Acidobacteriae,Acidobacteriales,Acidobacteriaceae (Subgroup 1),Occallatibacter
Bacteria,Proteobacteria,Alphaproteobacteria,Rhodobacterales,Rhodobacteraceae,Oceanicella
Bacteria,Firmicutes,Bacilli,Bacillales,Bacillaceae,Oceanobacillus
Bacteria,Proteobacteria,Alphaproteobacteria,Rhizobiales,Rhizobiaceae,Ochrobactrum
Bacteria,Actinobacteriota,Actinobacteria,Micrococcales,Cellulomonadaceae,Oerskovia
Bacteria,Bacteroidota,Bacteroidia,Cytophagales,Microscillaceae,Ohtaekwangia
Bacteria,Verrucomicrobiota,Verrucomicrobiae,Pedosphaerales,Pedosphaeraceae,Oikopleura
Bacteria,Bacteroidota,Bacteroidia,Cytophagales,Microscillaceae,OLB12
Bacteria,Chloroflexi,Anaerolineae,SBR1031,A4b,OLB13
Bacteria,Acidobacteriota,Blastocatellia,Blastocatellales,Blastocatellaceae,OLB17
Bacteria,Bacteroidota,Bacteroidia,Chitinophagales,Saprospiraceae,OLB8
Bacteria,Bdellovibrionota,Oligoflexia,Oligoflexales,Oligoflexaceae,Oligoflexus
Bacteria,Bacteroidota,Bacteroidia,Sphingobacteriales,Sphingobacteriaceae,Olivibacter
Bacteria,Bdellovibrionota,Bdellovibrionia,Bdellovibrionales,Bdellovibrionaceae,OM27 clade
Bacteria,Proteobacteria,Gammaproteobacteria,Pseudomonadales,Halieaceae,OM60(NOR5) clade
Bacteria,Verrucomicrobiota,Verrucomicrobiae,Opitutales,Opitutaceae,Opitutus
Bacteria,Firmicutes,Clostridia,Lachnospirales,Lachnospiraceae,Oribacterium
Bacteria,Chloroflexi,Anaerolineae,Anaerolineales,Anaerolineaceae,Ornatilinea
Bacteria,Actinobacteriota,Actinobacteria,Micrococcales,Intrasporangiaceae,Ornithinimicrobium
Bacteria,Actinobacteriota,Actinobacteria,Micrococcales,Intrasporangiaceae,Oryzihumus
Bacteria,Cyanobacteria,Cyanobacteriia,Leptolyngbyales,Leptolyngbyaceae,Oscillatoria SAG 1459-8
Bacteria,Chloroflexi,Chloroflexia,Chloroflexales,Chloroflexaceae,Oscillochloris
Bacteria,Proteobacteria,Gammaproteobacteria,Burkholderiales,Comamonadaceae,Ottowia
Bacteria,Proteobacteria,Gammaproteobacteria,Burkholderiales,Oxalobacteraceae,Oxalicibacterium
Bacteria,Proteobacteria,Gammaproteobacteria,Burkholderiales,Oxalobacteraceae,Oxalobacter
Bacteria,Firmicutes,Bacilli,Paenibacillales,Paenibacillaceae,Oxalophagus
Bacteria,Firmicutes,Clostridia,Clostridiales,Oxobacteraceae,Oxobacter
Bacteria,Cyanobacteria,Cyanobacteriia,Cyanobacteriales,Oscillatoriaceae,Oxynema BDU 92071
Bacteria,Myxococcota,Myxococcia,Myxococcales,Myxococcaceae,P3OB-42
Bacteria,Proteobacteria,Gammaproteobacteria,Burkholderiales,Nitrosomonadaceae,P3OB-51
Bacteria,Actinobacteriota,Actinobacteria,Micrococcales,Micrococcaceae,Paenarthrobacter
Bacteria,Firmicutes,Bacilli,Paenibacillales,Paenibacillaceae,Paenibacillus
Bacteria,Firmicutes,Clostridia,Peptostreptococcales-Tissierellales,Peptostreptococcaceae,Paeniclostridium
Bacteria,Actinobacteriota,Actinobacteria,Micrococcales,Micrococcaceae,Paeniglutamicibacter
Bacteria,Firmicutes,Bacilli,Bacillales,Planococcaceae,Paenisporosarcina
Bacteria,Myxococcota,Polyangia,Polyangiales,Polyangiaceae,Pajaroellobacter
Bacteria,Proteobacteria,Gammaproteobacteria,Burkholderiales,Chromobacteriaceae,Paludibacterium
Bacteria,Firmicutes,Clostridia,Oscillospirales,Ruminococcaceae,Paludicola
Bacteria,Planctomycetota,Planctomycetes,Isosphaerales,Isosphaeraceae,Paludisphaera
Bacteria,Proteobacteria,Gammaproteobacteria,Salinisphaerales,Solimonadaceae,Panacagrimonas
Bacteria,Proteobacteria,Gammaproteobacteria,Burkholderiales,Burkholderiaceae,Pandoraea
Bacteria,Proteobacteria,Alphaproteobacteria,Rhizobiales,Stappiaceae,Pannonibacter
Bacteria,Cyanobacteria,Cyanobacteriia,Leptolyngbyales,Leptolyngbyaceae,Pantalinema
Bacteria,Proteobacteria,Gammaproteobacteria,Enterobacterales,Erwiniaceae,Pantoea
Bacteria,Proteobacteria,Alphaproteobacteria,Sphingomonadales,Sphingomonadaceae,Parablastomonas
Bacteria,Verrucomicrobiota,Chlamydiae,Chlamydiales,Parachlamydiaceae,Parachlamydia
Bacteria,Firmicutes,Clostridia,Peptostreptococcales-Tissierellales,Peptostreptococcaceae,Paraclostridium
Bacteria,Proteobacteria,Alphaproteobacteria,Rhodobacterales,Rhodobacteraceae,Paracoccus
Bacteria,Proteobacteria,Alphaproteobacteria,Acetobacterales,Acetobacteraceae,Paracraurococcus
Bacteria,Bacteroidota,Bacteroidia,Chitinophagales,Chitinophagaceae,Parafilimonas
Bacteria,Actinobacteriota,Actinobacteria,Micrococcales,Microbacteriaceae,Parafrigoribacterium
Bacteria,Bacteroidota,Bacteroidia,Sphingobacteriales,Sphingobacteriaceae,Parapedobacter
Bacteria,Proteobacteria,Gammaproteobacteria,Burkholderiales,Alcaligenaceae,Parapusillimonas
Bacteria,Bacteroidota,Bacteroidia,Chitinophagales,Chitinophagaceae,Parasediminibacterium
Bacteria,Bacteroidota,Bacteroidia,Chitinophagales,Chitinophagaceae,Parasegetibacter
Bacteria,Proteobacteria,Alphaproteobacteria,Parvibaculales,Parvibaculaceae,Parvibaculum
Bacteria,Actinobacteriota,Thermoleophilia,Solirubrobacterales,Solirubrobacteraceae,Parviterribacter
Bacteria,Firmicutes,Bacilli,Thermoactinomycetales,Thermoactinomycetaceae,Pasteuria
Bacteria,Actinobacteriota,Thermoleophilia,Solirubrobacterales,Solirubrobacteraceae,Patulibacter
Bacteria,Proteobacteria,Gammaproteobacteria,Burkholderiales,Comamonadaceae,Paucibacter
Bacteria,Proteobacteria,Gammaproteobacteria,Burkholderiales,Oxalobacteraceae,Paucimonas
Bacteria,Proteobacteria,Gammaproteobacteria,Enterobacterales,Pectobacteriaceae,Pectobacterium
Bacteria,Bacteroidota,Bacteroidia,Sphingobacteriales,Sphingobacteriaceae,Pedobacter
Bacteria,Actinobacteriota,Actinobacteria,Micrococcales,Intrasporangiaceae,Pedococcus-Phycicoccus
Bacteria,Proteobacteria,Alphaproteobacteria,Rhizobiales,Hyphomicrobiaceae,Pedomicrobium
Bacteria,Verrucomicrobiota,Verrucomicrobiae,Pedosphaerales,Pedosphaeraceae,Pedosphaera
Bacteria,Proteobacteria,Alphaproteobacteria,Kiloniellales,Kiloniellaceae,Pelagibius
Bacteria,Proteobacteria,Gammaproteobacteria,Burkholderiales,Comamonadaceae,Pelomonas
Bacteria,Firmicutes,Negativicutes,Veillonellales-Selenomonadales,Sporomusaceae,Pelosinus
Bacteria,Firmicutes,Desulfotomaculia,Desulfotomaculales,Pelotomaculaceae,Pelotomaculum
Bacteria,Bdellovibrionota,Bdellovibrionia,Bacteriovoracales,Bacteriovoracaceae,Peredibacter
Bacteria,Proteobacteria,Gammaproteobacteria,Pseudomonadales,Moraxellaceae,Permianibacter
Bacteria,Bacteroidota,Bacteroidia,Cytophagales,Spirosomaceae,Persicitalea
Bacteria,Bacteroidota,Bacteroidia,Chitinophagales,Saprospiraceae,Phaeodactylibacter
Bacteria,Proteobacteria,Alphaproteobacteria,Rhodospirillales,Magnetospirillaceae,Phaeospirillum
Bacteria,Myxococcota,Polyangia,Polyangiales,Phaselicystidaceae,Phaselicystis
Bacteria,Proteobacteria,Gammaproteobacteria,Enterobacterales,Erwiniaceae,Phaseolibacter
Bacteria,Proteobacteria,Alphaproteobacteria,Caulobacterales,Caulobacteraceae,Phenylobacterium
Bacteria,Cyanobacteria,Cyanobacteriia,Cyanobacteriales,Phormidiaceae,Phormidium IAM M-71
Bacteria,Cyanobacteria,Cyanobacteriia,Leptolyngbyales,Leptolyngbyaceae,Phormidium SAG 37.90
Bacteria,Proteobacteria,Alphaproteobacteria,Rhizobiales,Rhizobiales Incertae Sedis,Phreatobacter
Bacteria,Planctomycetota,Phycisphaerae,Phycisphaerales,Phycisphaeraceae,Phycisphaera
Bacteria,Proteobacteria,Alphaproteobacteria,Rhizobiales,Rhizobiaceae,Phyllobacterium
Bacteria,Actinobacteriota,Actinobacteria,Propionibacteriales,Propionibacteriaceae,Phytoactinopolyspora
Bacteria,Actinobacteriota,Actinobacteria,Micromonosporales,Micromonosporaceae,Phytohabitans
Bacteria,Actinobacteriota,Actinobacteria,Micromonosporales,Micromonosporaceae,Phytomonospora
Bacteria,Proteobacteria,Gammaproteobacteria,Burkholderiales,Alcaligenaceae,Pigmentiphaga
Bacteria,Planctomycetota,Planctomycetes,Pirellulales,Pirellulaceae,Pir2 lineage
Bacteria,Planctomycetota,Planctomycetes,Pirellulales,Pirellulaceae,Pir4 lineage
Bacteria,Planctomycetota,Planctomycetes,Pirellulales,Pirellulaceae,Pirellula
Bacteria,Proteobacteria,Gammaproteobacteria,Burkholderiales,Comamonadaceae,Piscinibacter
Bacteria,Proteobacteria,Gammaproteobacteria,Piscirickettsiales,Piscirickettsiaceae,Piscirickettsia
Bacteria,Planctomycetota,Planctomycetes,Planctomycetales,Rubinisphaeraceae,Planctomicrobium
Bacteria,Planctomycetota,Planctomycetes,Planctomycetales,Schlesneriaceae,Planctopirus
Bacteria,Firmicutes,Bacilli,Thermoactinomycetales,Thermoactinomycetaceae,Planifilum
Bacteria,Cyanobacteria,Cyanobacteriia,Cyanobacteriales,Phormidiaceae,Planktothrix NIVA-CYA 15
Bacteria,Actinobacteriota,Actinobacteria,Streptosporangiales,Streptosporangiaceae,Planobispora
Bacteria,Firmicutes,Bacilli,Bacillales,Planococcaceae,Planococcus
Bacteria,Firmicutes,Bacilli,Bacillales,Planococcaceae,Planomicrobium
Bacteria,Actinobacteriota,Actinobacteria,Streptosporangiales,Streptosporangiaceae,Planomonospora
Bacteria,Actinobacteriota,Actinobacteria,Micromonosporales,Micromonosporaceae,Planosporangium
Bacteria,Actinobacteriota,Actinobacteria,Streptosporangiales,Streptosporangiaceae,Planotetraspora
Bacteria,Actinobacteriota,Actinobacteria,Micromonosporales,Micromonosporaceae,Plantactinospora
Bacteria,Proteobacteria,Gammaproteobacteria,Competibacterales,Competibacteraceae,Plasticicumulans
Bacteria,Proteobacteria,Alphaproteobacteria,Sphingomonadales,Sphingomonadaceae,Plot4-2H12
Bacteria,Proteobacteria,Alphaproteobacteria,Caulobacterales,Caulobacteraceae,PMMR1
Bacteria,Proteobacteria,Gammaproteobacteria,Burkholderiales,Comamonadaceae,Polaromonas
Bacteria,Myxococcota,Polyangia,Polyangiales,Polyangiaceae,Polyangium
Bacteria,Firmicutes,Bacilli,Thermoactinomycetales,Thermoactinomycetaceae,Polycladomyces
Bacteria,Proteobacteria,Gammaproteobacteria,Salinisphaerales,Solimonadaceae,Polycyclovorans
Bacteria,Proteobacteria,Alphaproteobacteria,Rhodobacterales,Rhodobacteraceae,Pontibaca
Bacteria,Bacteroidota,Bacteroidia,Cytophagales,Hymenobacteraceae,Pontibacter
Bacteria,Proteobacteria,Alphaproteobacteria,Sphingomonadales,Sphingomonadaceae,Porphyrobacter
Bacteria,Proteobacteria,Gammaproteobacteria,Pseudomonadales,Porticoccaceae,Porticoccus
Bacteria,Fibrobacterota,Fibrobacteria,Fibrobacterales,Fibrobacteraceae,possible genus 04
Bacteria,Proteobacteria,Gammaproteobacteria,Steroidobacterales,Steroidobacteraceae,Povalibacter
Bacteria,Actinobacteriota,Actinobacteria,Pseudonocardiales,Pseudonocardiaceae,Prauserella
Bacteria,Bacteroidota,Bacteroidia,Bacteroidales,Prevotellaceae,Prevotella
Bacteria,Bacteroidota,Bacteroidia,Bacteroidales,Prevotellaceae,Prevotellaceae UCG-001
Bacteria,Bacteroidota,Bacteroidia,Bacteroidales,Prevotellaceae,Prevotellaceae UCG-003
Bacteria,Proteobacteria,Gammaproteobacteria,Burkholderiales,Procabacteriaceae,Procabacter
Bacteria,Actinobacteriota,Actinobacteria,Micrococcales,Promicromonosporaceae,Promicromonospora
Bacteria,Actinobacteriota,Actinobacteria,Propionibacteriales,Propionibacteriaceae,Propionicicella
Bacteria,Actinobacteriota,Actinobacteria,Propionibacteriales,Propionibacteriaceae,Propioniciclava
Bacteria,Actinobacteriota,Actinobacteria,Propionibacteriales,Propionibacteriaceae,Propionicimonas
Bacteria,Verrucomicrobiota,Verrucomicrobiae,Verrucomicrobiales,Verrucomicrobiaceae,Prosthecobacter
Bacteria,Proteobacteria,Alphaproteobacteria,Rhizobiales,Pleomorphomonadaceae,Prosthecomicrobium
Bacteria,Proteobacteria,Gammaproteobacteria,Enterobacterales,Morganellaceae,Providencia
Bacteria,Proteobacteria,Gammaproteobacteria,Burkholderiales,Comamonadaceae,Pseudacidovorax
Bacteria,Proteobacteria,Alphaproteobacteria,Rhizobiales,Rhizobiaceae,Pseudaminobacter
Bacteria,Cyanobacteria,Cyanobacteriia,Oxyphotobacteria Incertae Sedis,Unknown Family,Pseudanabaena NgrPSln22
Bacteria,Campylobacterota,Campylobacteria,Campylobacterales,Arcobacteraceae,Pseudarcobacter
Bacteria,Actinobacteriota,Actinobacteria,Micrococcales,Micrococcaceae,Pseudarthrobacter
Bacteria,Myxococcota,Polyangia,Nannocystales,Nannocystaceae,Pseudenhygromyxa
Bacteria,Proteobacteria,Alphaproteobacteria,Rhizobiales,Rhizobiaceae,Pseudochrobactrum
Bacteria,Proteobacteria,Gammaproteobacteria,Burkholderiales,Oxalobacteraceae,Pseudoduganella
Bacteria,Bacteroidota,Bacteroidia,Chitinophagales,Chitinophagaceae,Pseudoflavitalea
Bacteria,Proteobacteria,Gammaproteobacteria,Xanthomonadales,Rhodanobacteraceae,Pseudofulvimonas
Bacteria,Firmicutes,Bacilli,Bacillales,Bacillaceae,Pseudogracilibacillus
Bacteria,Proteobacteria,Gammaproteobacteria,Burkholderiales,Chromobacteriaceae,Pseudogulbenkiania
Bacteria,Proteobacteria,Alphaproteobacteria,Rhizobiales,Xanthobacteraceae,Pseudolabrys
Bacteria,Proteobacteria,Gammaproteobacteria,Pseudomonadales,Pseudomonadaceae,Pseudomonas
Bacteria,Actinobacteriota,Actinobacteria,Pseudonocardiales,Pseudonocardiaceae,Pseudonocardia
Bacteria,Proteobacteria,Alphaproteobacteria,Rhizobiales,Rhizobiaceae,Pseudorhizobium
Bacteria,Proteobacteria,Alphaproteobacteria,Rhodobacterales,Rhodobacteraceae,Pseudorhodobacter
Bacteria,Proteobacteria,Gammaproteobacteria,Burkholderiales,Comamonadaceae,Pseudorhodoferax
Bacteria,Proteobacteria,Alphaproteobacteria,Rhizobiales,Xanthobacteraceae,Pseudorhodoplanes
Bacteria,Proteobacteria,Gammaproteobacteria,Xanthomonadales,Xanthomonadaceae,Pseudoxanthomonas
Bacteria,Firmicutes,Bacilli,Bacillales,Planococcaceae,Psychrobacillus
Bacteria,Proteobacteria,Alphaproteobacteria,Rhizobiales,Beijerinckiaceae,Psychroglaciecola
Bacteria,Proteobacteria,Gammaproteobacteria,Enterobacterales,Psychromonadaceae,Psychromonas
Bacteria,Bacteroidota,Bacteroidia,Chitinophagales,Chitinophagaceae,Puia
Bacteria,Firmicutes,Bacilli,Bacillales,Sporolactobacillaceae,Pullulanibacillus
Bacteria,Myxococcota,Myxococcia,Myxococcales,Myxococcaceae,Pyxidicoccus
Bacteria,Proteobacteria,Alphaproteobacteria,Sphingomonadales,Sphingomonadaceae,Qipengyuania
Bacteria,Actinobacteriota,Actinobacteria,Kineosporiales,Kineosporiaceae,Quadrisphaera
Bacteria,Firmicutes,Negativicutes,Veillonellales-Selenomonadales,Selenomonadaceae,Quinella
Bacteria,Proteobacteria,Gammaproteobacteria,Enterobacterales,Yersiniaceae,Rahnella1
Bacteria,Bacteroidota,Bacteroidia,Cytophagales,Raineyaceae,Raineya
Bacteria,Proteobacteria,Gammaproteobacteria,Burkholderiales,Burkholderiaceae,Ralstonia
Bacteria,Proteobacteria,Gammaproteobacteria,Burkholderiales,Comamonadaceae,Ramlibacter
Bacteria,Proteobacteria,Gammaproteobacteria,Enterobacterales,Enterobacteriaceae,Raoultella
Bacteria,Acidobacteriota,Blastocatellia,Pyrinomonadales,Pyrinomonadaceae,RB41
Bacteria,Cyanobacteria,Cyanobacteriia,Leptolyngbyales,Leptolyngbyaceae,RD011
Bacteria,Proteobacteria,Alphaproteobacteria,Reyranellales,Reyranellaceae,Reyranella
Bacteria,Firmicutes,Clostridia,Eubacteriales,Garciellaceae,Rhabdanaerobium
Bacteria,Bacteroidota,Bacteroidia,Cytophagales,Spirosomaceae,Rhabdobacter
Bacteria,Proteobacteria,Gammaproteobacteria,Enterobacterales,Alteromonadaceae,Rheinheimera
Bacteria,Proteobacteria,Gammaproteobacteria,Burkholderiales,Comamonadaceae,Rhizobacter
Bacteria,Actinobacteriota,Actinobacteria,Micromonosporales,Micromonosporaceae,Rhizocola
Bacteria,Proteobacteria,Alphaproteobacteria,Micropepsales,Micropepsaceae,Rhizomicrobium
Bacteria,Proteobacteria,Alphaproteobacteria,Sphingomonadales,Sphingomonadaceae,Rhizorhapis
Bacteria,Proteobacteria,Gammaproteobacteria,Xanthomonadales,Rhodanobacteraceae,Rhodanobacter
Bacteria,Proteobacteria,Alphaproteobacteria,Rhodobacterales,Rhodobacteraceae,Rhodobacter
Bacteria,Proteobacteria,Alphaproteobacteria,Rhizobiales,Beijerinckiaceae,Rhodoblastus
Bacteria,Actinobacteriota,Actinobacteria,Corynebacteriales,Nocardiaceae,Rhodococcus
Bacteria,Bacteroidota,Bacteroidia,Cytophagales,Cytophagaceae,Rhodocytophaga
Bacteria,Proteobacteria,Gammaproteobacteria,Burkholderiales,Comamonadaceae,Rhodoferax
Bacteria,Proteobacteria,Alphaproteobacteria,Rhizobiales,Rhodomicrobiaceae,Rhodomicrobium
Bacteria,Proteobacteria,Alphaproteobacteria,Acetobacterales,Acetobacteraceae,Rhodopila
Bacteria,Planctomycetota,Planctomycetes,Pirellulales,Pirellulaceae,Rhodopirellula
Bacteria,Proteobacteria,Alphaproteobacteria,Rhizobiales,Xanthobacteraceae,Rhodoplanes
Bacteria,Proteobacteria,Alphaproteobacteria,Rhizobiales,Xanthobacteraceae,Rhodopseudomonas
Bacteria,Proteobacteria,Alphaproteobacteria,Acetobacterales,Acetobacteraceae,Rhodovarius
Bacteria,Proteobacteria,Alphaproteobacteria,Acetobacterales,Acetobacteraceae,Rhodovastum
Bacteria,Proteobacteria,Alphaproteobacteria,Rickettsiales,Rickettsiaceae,Rickettsia
Bacteria,Proteobacteria,Gammaproteobacteria,Diplorickettsiales,Diplorickettsiaceae,Rickettsiella
Bacteria,Bacteroidota,Bacteroidia,Bacteroidales,Rikenellaceae,Rikenella
Bacteria,Bacteroidota,Bacteroidia,Bacteroidales,Rikenellaceae,Rikenellaceae RC9 gut group
Bacteria,Firmicutes,Bacilli,Thermoactinomycetales,Thermoactinomycetaceae,Risungbinella
Bacteria,Proteobacteria,Gammaproteobacteria,Burkholderiales,Comamonadaceae,Rivibacter
Bacteria,Firmicutes,Clostridia,Peptostreptococcales-Tissierellales,Peptostreptococcaceae,Romboutsia
Bacteria,Proteobacteria,Gammaproteobacteria,Burkholderiales,Comamonadaceae,Roseateles
Bacteria,Proteobacteria,Alphaproteobacteria,Rhizobiales,Beijerinckiaceae,Roseiarcus
Bacteria,Chloroflexi,Chloroflexia,Chloroflexales,Roseiflexaceae,Roseiflexus
Bacteria,Planctomycetota,Planctomycetes,Pirellulales,Pirellulaceae,Roseimaritima
Bacteria,Verrucomicrobiota,Verrucomicrobiae,Verrucomicrobiales,Verrucomicrobiaceae,Roseimicrobium
Bacteria,Gemmatimonadota,Gemmatimonadetes,Gemmatimonadales,Gemmatimonadaceae,Roseisolibacter
Bacteria,Proteobacteria,Alphaproteobacteria,Rhodobacterales,Rhodobacteraceae,Roseobacter clade CHAB-I-5 lineage
Bacteria,Proteobacteria,Alphaproteobacteria,Acetobacterales,Acetobacteraceae,Roseococcus
Bacteria,Proteobacteria,Alphaproteobacteria,Acetobacterales,Acetobacteraceae,Roseomonas
Bacteria,Verrucomicrobiota,Verrucomicrobiae,Pedosphaerales,Pedosphaeraceae,RS25G
Bacteria,Proteobacteria,Alphaproteobacteria,Rhodobacterales,Rhodobacteraceae,Rubellimicrobium
Bacteria,Planctomycetota,Planctomycetes,Planctomycetales,Rubinisphaeraceae,Rubinisphaera
Bacteria,Proteobacteria,Alphaproteobacteria,Acetobacterales,Acetobacteraceae,Rubritepida
Bacteria,Bacteroidota,Rhodothermia,Rhodothermales,Rhodothermaceae,Rubrivirga
Bacteria,Proteobacteria,Gammaproteobacteria,Burkholderiales,Comamonadaceae,Rubrivivax
Bacteria,Actinobacteriota,Rubrobacteria,Rubrobacterales,Rubrobacteriaceae,Rubrobacter
Bacteria,Proteobacteria,Gammaproteobacteria,Xanthomonadales,Rhodanobacteraceae,Rudaea
Bacteria,Bacteroidota,Bacteroidia,Cytophagales,Spirosomaceae,Rudanella
Bacteria,Bacteroidota,Bacteroidia,Cytophagales,Hymenobacteraceae,Rufibacter
Bacteria,Proteobacteria,Gammaproteobacteria,Burkholderiales,Oxalobacteraceae,Rugamonas
Bacteria,Actinobacteriota,Actinobacteria,Micromonosporales,Micromonosporaceae,Rugosimonospora
Bacteria,Firmicutes,Clostridia,Oscillospirales,Hungateiclostridiaceae,Ruminiclostridium
Bacteria,Firmicutes,Clostridia,Oscillospirales,Ruminococcaceae,Ruminococcus
Bacteria,Bacteroidota,Bacteroidia,Cytophagales,Spirosomaceae,Runella
Bacteria,Bacteroidota,Bacteroidia,Chitinophagales,Chitinophagaceae,Rurimicrobium
Bacteria,Firmicutes,Bacilli,Paenibacillales,Paenibacillaceae,Saccharibacillus
Bacteria,Firmicutes,Clostridia,Oscillospirales,Hungateiclostridiaceae,Saccharofermentans
Bacteria,Actinobacteriota,Actinobacteria,Pseudonocardiales,Pseudonocardiaceae,Saccharopolyspora
Bacteria,Actinobacteriota,Actinobacteria,Pseudonocardiales,Pseudonocardiaceae,Saccharothrix
Bacteria,Firmicutes,Clostridia,Peptostreptococcales-Tissierellales,Thermotaleaceae,Salimesophilobacter
Bacteria,Bacteroidota,Bacteroidia,Flavobacteriales,Flavobacteriaceae,Salinimicrobium
Bacteria,Spirochaetota,Spirochaetia,Spirochaetales,Spirochaetaceae,Salinispira
Bacteria,Actinobacteriota,Actinobacteria,Micromonosporales,Micromonosporaceae,Salinispora
Bacteria,Firmicutes,Bacilli,Bacillales,Salisediminibacteriaceae,Salipaludibacillus
Bacteria,Proteobacteria,Gammaproteobacteria,Enterobacterales,Enterobacteriaceae,Salmonella
Bacteria,Proteobacteria,Alphaproteobacteria,Sphingomonadales,Sphingomonadaceae,Sandaracinobacter
Bacteria,Myxococcota,Polyangia,Polyangiales,Sandaracinaceae,Sandaracinus
Bacteria,Proteobacteria,Alphaproteobacteria,Sphingomonadales,Sphingomonadaceae,Sandarakinorhabdus
Bacteria,Actinobacteriota,Actinobacteria,Micrococcales,Sanguibacteraceae,Sanguibacter-Flavimobilis
Bacteria,Planctomycetota,Planctomycetes,Planctomycetales,Schlesneriaceae,Schlesneria
Bacteria,Firmicutes,Clostridia,Peptostreptococcales-Tissierellales,Sedimentibacteraceae,Sedimentibacter
Bacteria,Bacteroidota,Bacteroidia,Chitinophagales,Chitinophagaceae,Sediminibacterium
Bacteria,Bacteroidota,Bacteroidia,Chitinophagales,Chitinophagaceae,Segetibacter
Bacteria,Actinobacteriota,Actinobacteria,Corynebacteriales,Segniliparaceae,Segniliparus
Bacteria,Firmicutes,Bacilli,Thermoactinomycetales,Thermoactinomycetaceae,Seinonella
Bacteria,Proteobacteria,Gammaproteobacteria,Enterobacterales,Yersiniaceae,Serratia
Bacteria,Planctomycetota,Planctomycetes,Planctomycetales,Rubinisphaeraceae,SH-PL14
Bacteria,Verrucomicrobiota,Verrucomicrobiae,Pedosphaerales,Pedosphaeraceae,SH3-11
Bacteria,Methylomirabilota,Methylomirabilia,Methylomirabilales,Methylomirabilaceae,Sh765B-TzT-35
Bacteria,Proteobacteria,Gammaproteobacteria,Enterobacterales,Shewanellaceae,Shewanella
Bacteria,Firmicutes,Bacilli,Thermoactinomycetales,Thermoactinomycetaceae,Shimazuella
Bacteria,Proteobacteria,Alphaproteobacteria,Rhizobiales,Rhizobiaceae,Shinella
Bacteria,Proteobacteria,Gammaproteobacteria,Enterobacterales,Erwiniaceae,Siccibacter
Bacteria,Bdellovibrionota,Oligoflexia,Silvanigrellales,Silvanigrellaceae,Silvanigrella
Bacteria,Proteobacteria,Gammaproteobacteria,Burkholderiales,Comamonadaceae,Simplicispira
Bacteria,Planctomycetota,Planctomycetes,Isosphaerales,Isosphaeraceae,Singulisphaera
Bacteria,Firmicutes,Bacilli,Bacillales,Bacillaceae,Sinibacillus
Bacteria,Actinobacteriota,Actinobacteria,Micrococcales,Micrococcaceae,Sinomonas
Bacteria,Actinobacteriota,Actinobacteria,Streptosporangiales,Streptosporangiaceae,Sinosporangium
Bacteria,Bacteroidota,Bacteroidia,Cytophagales,Cytophagaceae,Siphonobacter
Bacteria,Proteobacteria,Alphaproteobacteria,Azospirillales,Azospirillaceae,Skermanella
Bacteria,Planctomycetota,Phycisphaerae,Phycisphaerales,Phycisphaeraceae,SM1A02
Bacteria,Actinobacteriota,Actinobacteria,Corynebacteriales,Nocardiaceae,Smaragdicoccus
Bacteria,Fusobacteriota,Fusobacteriia,Fusobacteriales,Leptotrichiaceae,Sneathia
Bacteria,Firmicutes,Bacilli,Bacillales,Planococcaceae,Solibacillus
Bacteria,Proteobacteria,Gammaproteobacteria,Salinisphaerales,Solimonadaceae,Solimonas
Bacteria,Actinobacteriota,Thermoleophilia,Solirubrobacterales,Solirubrobacteraceae,Solirubrobacter
Bacteria,Bacteroidota,Bacteroidia,Sphingobacteriales,Sphingobacteriaceae,Solitalea
Bacteria,Myxococcota,Polyangia,Polyangiales,Polyangiaceae,Sorangium
Bacteria,Bacteroidota,Bacteroidia,Bacteroidales,Rikenellaceae,SP3-e08
Bacteria,Actinobacteriota,Actinobacteria,Streptosporangiales,Streptosporangiaceae,Sphaerimonospora
Bacteria,Actinobacteriota,Actinobacteria,Streptosporangiales,Streptosporangiaceae,Sphaerisporangium
Bacteria,Chloroflexi,Chloroflexia,Thermomicrobiales,Thermomicrobiaceae,Sphaerobacter
Bacteria,Cyanobacteria,Cyanobacteriia,Cyanobacteriales,Nostocaceae,Sphaerospermopsis BCCUSP55
Bacteria,Proteobacteria,Gammaproteobacteria,Burkholderiales,Comamonadaceae,Sphaerotilus
Bacteria,Proteobacteria,Alphaproteobacteria,Sphingomonadales,Sphingomonadaceae,Sphingoaurantiacus
Bacteria,Bacteroidota,Bacteroidia,Sphingobacteriales,Sphingobacteriaceae,Sphingobacterium
Bacteria,Proteobacteria,Alphaproteobacteria,Sphingomonadales,Sphingomonadaceae,Sphingobium
Bacteria,Proteobacteria,Alphaproteobacteria,Sphingomonadales,Sphingomonadaceae,Sphingomonas
Bacteria,Proteobacteria,Alphaproteobacteria,Sphingomonadales,Sphingomonadaceae,Sphingopyxis
Bacteria,Proteobacteria,Alphaproteobacteria,Sphingomonadales,Sphingomonadaceae,Sphingorhabdus
Bacteria,Proteobacteria,Alphaproteobacteria,Sphingomonadales,Sphingomonadaceae,Sphingosinicella
Bacteria,Actinobacteriota,Actinobacteria,Streptosporangiales,Thermomonosporaceae,Spirillospora
Bacteria,Spirochaetota,Spirochaetia,Spirochaetales,Spirochaetaceae,Spirochaeta
Bacteria,Spirochaetota,Spirochaetia,Spirochaetales,Spirochaetaceae,Spirochaeta 2
Bacteria,Bacteroidota,Bacteroidia,Cytophagales,Spirosomaceae,Spirosoma
Bacteria,Firmicutes,Clostridia,Peptostreptococcales-Tissierellales,Peptostreptococcaceae,Sporacetigenium
Bacteria,Actinobacteriota,Actinobacteria,Frankiales,Sporichthyaceae,Sporichthya
Bacteria,Firmicutes,Clostridia,Oscillospirales,Oscillospiraceae,Sporobacter
Bacteria,Bacteroidota,Bacteroidia,Cytophagales,Cytophagaceae,Sporocytophaga
Bacteria,Firmicutes,Bacilli,Bacillales,Sporolactobacillaceae,Sporolactobacillus
Bacteria,Firmicutes,Negativicutes,Veillonellales-Selenomonadales,Sporomusaceae,Sporomusa
Bacteria,Firmicutes,Bacilli,Bacillales,Planococcaceae,Sporosarcina
Bacteria,Firmicutes,Bacilli,Staphylococcales,Staphylococcaceae,Staphylococcus
Bacteria,Proteobacteria,Alphaproteobacteria,Rhizobiales,Xanthobacteraceae,Starkeya
Bacteria,Proteobacteria,Alphaproteobacteria,Azospirillales,Azospirillales Incertae Sedis,Stella
Bacteria,Acidobacteriota,Blastocatellia,Blastocatellales,Blastocatellaceae,Stenotrophobacter
Bacteria,Proteobacteria,Gammaproteobacteria,Xanthomonadales,Xanthomonadaceae,Stenotrophomonas
Bacteria,Proteobacteria,Gammaproteobacteria,Steroidobacterales,Steroidobacteraceae,Steroidobacter
Bacteria,Myxococcota,Myxococcia,Myxococcales,Myxococcaceae,Stigmatella
Bacteria,Actinobacteriota,Actinobacteria,Streptomycetales,Streptomycetaceae,Streptacidiphilus
Bacteria,Firmicutes,Bacilli,Lactobacillales,Streptococcaceae,Streptococcus
Bacteria,Actinobacteriota,Actinobacteria,Streptomycetales,Streptomycetaceae,Streptomyces
Bacteria,Actinobacteriota,Actinobacteria,Streptosporangiales,Streptosporangiaceae,Streptosporangium
Bacteria,Acidobacteriota,Thermoanaerobaculia,Thermoanaerobaculales,Thermoanaerobaculaceae,Subgroup 10
Bacteria,Proteobacteria,Gammaproteobacteria,Enterobacterales,Succinivibrionaceae,Succinivibrionaceae UCG-001
Bacteria,Proteobacteria,Gammaproteobacteria,Burkholderiales,Sulfuricellaceae,Sulfuriferula
Bacteria,Proteobacteria,Gammaproteobacteria,Acidiferrobacterales,Acidiferrobacteraceae,Sulfurifustis
Bacteria,Proteobacteria,Gammaproteobacteria,Burkholderiales,Rhodocyclaceae,Sulfuritalea
Bacteria,Proteobacteria,Gammaproteobacteria,Burkholderiales,Hydrogenophilaceae,Sulfuritortus
Bacteria,Sumerlaeota,Sumerlaeia,Sumerlaeales,Sumerlaeaceae,Sumerlaea
Bacteria,Actinobacteriota,Acidimicrobiia,Microtrichales,Microtrichaceae,Sva0996 marine group
Bacteria,Proteobacteria,Alphaproteobacteria,Caulobacterales,Hyphomonadaceae,SWB02
Bacteria,Firmicutes,Symbiobacteriia,Symbiobacteriales,Symbiobacteraceae,Symbiobacterium
Bacteria,Cyanobacteria,Cyanobacteriia,Thermosynechococcales,Thermosynechococcaceae,Synechococcus IR11
Bacteria,Firmicutes,Thermacetogenia,Thermacetogeniales,Thermacetogeniaceae,Syntrophaceticus
Bacteria,Desulfobacterota,Syntrophobacteria,Syntrophobacterales,Syntrophobacteraceae,Syntrophobacter
Bacteria,Firmicutes,Syntrophomonadia,Syntrophomonadales,Syntrophomonadaceae,Syntrophomonas
Bacteria,Proteobacteria,Gammaproteobacteria,Nitrosococcales,Nitrosococcaceae,SZB85
Bacteria,Proteobacteria,Alphaproteobacteria,Rhodobacterales,Rhodobacteraceae,Tabrizicola
Bacteria,Proteobacteria,Alphaproteobacteria,Kiloniellales,Kiloniellaceae,Tagaea
Bacteria,Proteobacteria,Gammaproteobacteria,Xanthomonadales,Rhodanobacteraceae,Tahibacter
Bacteria,Bacteroidota,Bacteroidia,Chitinophagales,Chitinophagaceae,Taibaiella
Bacteria,Proteobacteria,Alphaproteobacteria,Rhizobiales,Xanthobacteraceae,Tardiphaga
Bacteria,Proteobacteria,Gammaproteobacteria,Burkholderiales,Oxalobacteraceae,Telluria
Bacteria,Acidobacteriota,Blastocatellia,Blastocatellales,Blastocatellaceae,Tellurimicrobium
Bacteria,Acidobacteriota,Acidobacteriae,Acidobacteriales,Acidobacteriaceae (Subgroup 1),Telmatobacter
Bacteria,Planctomycetota,Planctomycetes,Gemmatales,Gemmataceae,Telmatocola
Bacteria,Proteobacteria,Alphaproteobacteria,Rhodospirillales,Magnetospirillaceae,Telmatospirillum
Bacteria,Proteobacteria,Gammaproteobacteria,Burkholderiales,Comamonadaceae,Tepidicella
Bacteria,Firmicutes,Clostridia,Peptostreptococcales-Tissierellales,Family XI,Tepidimicrobium
Bacteria,Planctomycetota,Phycisphaerae,Tepidisphaerales,Tepidisphaeraceae,Tepidisphaera
Bacteria,Actinobacteriota,Actinobacteria,Micrococcales,Intrasporangiaceae,Terrabacter
Bacteria,Acidobacteriota,Acidobacteriae,Acidobacteriales,Acidobacteriaceae (Subgroup 1),Terracidiphilus
Bacteria,Actinobacteriota,Actinobacteria,Micrococcales,Intrasporangiaceae,Terracoccus
Bacteria,Firmicutes,Bacilli,Bacillales,Bacillaceae,Terribacillus
Bacteria,Acidobacteriota,Acidobacteriae,Acidobacteriales,Acidobacteriaceae (Subgroup 1),Terriglobus
Bacteria,Verrucomicrobiota,Verrucomicrobiae,Chthoniobacterales,Terrimicrobiaceae,Terrimicrobium
Bacteria,Bacteroidota,Bacteroidia,Chitinophagales,Chitinophagaceae,Terrimonas
Bacteria,Firmicutes,Clostridia,Peptostreptococcales-Tissierellales,Peptostreptococcaceae,Terrisporobacter
Bacteria,Actinobacteriota,Actinobacteria,Micrococcales,Intrasporangiaceae,Tetrasphaera
Bacteria,Proteobacteria,Alphaproteobacteria,Thalassobaculales,Thalassobaculaceae,Thalassobaculum
Bacteria,Firmicutes,Clostridia,Thermincolales,Thermincolaceae,Thermincola
Bacteria,Proteobacteria,Gammaproteobacteria,Acidithiobacillales,Acidithiobacillaceae,Thermithiobacillus
Bacteria,Firmicutes,Bacilli,Thermoactinomycetales,Thermoactinomycetaceae,Thermoactinomyces
Bacteria,Firmicutes,Bacilli,Paenibacillales,Paenibacillaceae,Thermobacillus
Bacteria,Actinobacteriota,Actinobacteria,Streptosporangiales,Streptosporangiaceae,Thermocatellispora
Bacteria,Firmicutes,Bacilli,Thermoactinomycetales,Thermoactinomycetaceae,Thermoflavimicrobium
Bacteria,Actinobacteriota,Thermoleophilia,Thermophilales,Thermoleophilaceae,Thermoleophilum
Bacteria,Proteobacteria,Gammaproteobacteria,Xanthomonadales,Xanthomonadaceae,Thermomonas
Bacteria,Actinobacteriota,Actinobacteria,Streptosporangiales,Thermomonosporaceae,Thermomonospora
Bacteria,Chloroflexi,Ktedonobacteria,Ktedonobacterales,Ktedonobacteraceae,Thermosporothrix
Bacteria,Proteobacteria,Gammaproteobacteria,Ectothiorhodospirales,Thioalkalispiraceae,Thioalkalispira-Sulfurivermis
Bacteria,Proteobacteria,Gammaproteobacteria,Burkholderiales,Hydrogenophilaceae,Thiobacillus
Bacteria,Firmicutes,Clostridia,Peptostreptococcales-Tissierellales,Family XI,Tissierella
Bacteria,Proteobacteria,Alphaproteobacteria,Tistrellales,Tistrellaceae,Tistrella
Bacteria,Patescibacteria,Saccharimonadia,Saccharimonadales,Saccharimonadaceae,TM7a
Bacteria,Cyanobacteria,Cyanobacteriia,Cyanobacteriales,Nostocaceae,Tolypothrix
Bacteria,Spirochaetota,Spirochaetia,Spirochaetales,Spirochaetaceae,Treponema
Bacteria,Desulfobacterota,Desulfuromonadia,Geobacterales,Geobacteraceae,Trichlorobacter
Bacteria,Deinococcota,Deinococci,Deinococcales,Trueperaceae,Truepera
Bacteria,Actinobacteriota,Actinobacteria,Corynebacteriales,Tsukamurellaceae,Tsukamurella
Bacteria,Firmicutes,Bacilli,Alicyclobacillales,Alicyclobacillaceae,Tumebacillus
Bacteria,Planctomycetota,Planctomycetes,Isosphaerales,Isosphaeraceae,Tundrisphaera
Bacteria,Firmicutes,Bacilli,Erysipelotrichales,Erysipelotrichaceae,Turicibacter
Bacteria,Spirochaetota,Leptospirae,Leptospirales,Leptospiraceae,Turneriella
Bacteria,Planctomycetota,Planctomycetes,Gemmatales,Gemmataceae,Tuwongella
Bacteria,Firmicutes,Clostridia,Lachnospirales,Lachnospiraceae,Tuzzerella
Bacteria,Cyanobacteria,Cyanobacteriia,Cyanobacteriales,Phormidiaceae,Tychonema CCAP 1459-11B
Bacteria,Firmicutes,Clostridia,Lachnospirales,Lachnospiraceae,Tyzzerella
Bacteria,Proteobacteria,Gammaproteobacteria,Burkholderiales,Methylophilaceae,UBA6140
Bacteria,Firmicutes,Clostridia,Oscillospirales,Oscillospiraceae,UCG-005
Bacteria,Firmicutes,Clostridia,Oscillospirales,Hungateiclostridiaceae,UCG-012
Bacteria,Proteobacteria,Gammaproteobacteria,Burkholderiales,Rhodocyclaceae,Uliginosibacterium
Bacteria,Actinobacteriota,Actinobacteria,Pseudonocardiales,Pseudonocardiaceae,Umezawaea
Bacteria,Proteobacteria,Gammaproteobacteria,Burkholderiales,Oxalobacteraceae,Undibacterium
Bacteria,Firmicutes,Bacilli,Mycoplasmatales,Mycoplasmataceae,Ureaplasma
Bacteria,Firmicutes,Bacilli,Bacillales,Bacillaceae,Ureibacillus
Bacteria,Bacteroidota,Bacteroidia,Chitinophagales,Chitinophagaceae,UTBCD1
Bacteria,Chloroflexi,Anaerolineae,Anaerolineales,Anaerolineaceae,UTCFX1
Bacteria,Cyanobacteria,Vampirivibrionia,Vampirovibrionales,Vampirovibrionaceae,Vampirovibrio
Bacteria,Proteobacteria,Alphaproteobacteria,Rhizobiales,Xanthobacteraceae,Variibacter
Bacteria,Proteobacteria,Gammaproteobacteria,Burkholderiales,Comamonadaceae,Variovorax
Bacteria,Firmicutes,Negativicutes,Veillonellales-Selenomonadales,Veillonellaceae,Veillonella
Bacteria,Verrucomicrobiota,Verrucomicrobiae,Opitutales,Puniceicoccaceae,Verruc-01
Bacteria,Verrucomicrobiota,Verrucomicrobiae,Verrucomicrobiales,Verrucomicrobiaceae,Verrucomicrobium
Bacteria,Actinobacteriota,Actinobacteria,Micromonosporales,Micromonosporaceae,Verrucosispora
Bacteria,Proteobacteria,Gammaproteobacteria,Burkholderiales,Alcaligenaceae,Verticiella
Bacteria,Acidobacteriota,Vicinamibacteria,Vicinamibacterales,Vicinamibacteraceae,Vicinamibacter
Bacteria,Firmicutes,Bacilli,Bacillales,Bacillaceae,Virgibacillus
Bacteria,Actinobacteriota,Actinobacteria,Micromonosporales,Micromonosporaceae,Virgisporangium
Bacteria,Myxococcota,Myxococcia,Myxococcales,Myxococcaceae,Vitiosangium
Bacteria,Proteobacteria,Gammaproteobacteria,Burkholderiales,Chromobacteriaceae,Vogesella
Bacteria,Proteobacteria,Gammaproteobacteria,Xanthomonadales,Xanthomonadaceae,Vulcaniibacterium
Bacteria,Myxococcota,Myxococcia,Myxococcales,Vulgatibacteraceae,Vulgatibacter
Bacteria,Verrucomicrobiota,Chlamydiae,Chlamydiales,Waddliaceae,Waddlia
Bacteria,Methylomirabilota,Methylomirabilia,Methylomirabilales,Methylomirabilaceae,wb1-A12
Bacteria,Proteobacteria,Gammaproteobacteria,Nitrosococcales,Nitrosococcaceae,wb1-P19
Bacteria,Bacteroidota,Bacteroidia,Bacteroidales,Prolixibacteraceae,WCHB1-32
Bacteria,Actinobacteriota,Actinobacteria,Corynebacteriales,Nocardiaceae,Williamsia
Bacteria,Proteobacteria,Gammaproteobacteria,Steroidobacterales,Woeseiaceae,Woeseia
Bacteria,Proteobacteria,Gammaproteobacteria,Cardiobacteriales,Wohlfahrtiimonadaceae,Wohlfahrtiimonas
Bacteria,Proteobacteria,Alphaproteobacteria,Rickettsiales,Anaplasmataceae,Wolbachia
Bacteria,Proteobacteria,Alphaproteobacteria,Rhizobiales,Xanthobacteraceae,Xanthobacter
Bacteria,Proteobacteria,Gammaproteobacteria,Xanthomonadales,Xanthomonadaceae,Xanthomonas
Bacteria,Proteobacteria,Gammaproteobacteria,Burkholderiales,Comamonadaceae,Xenophilus
Bacteria,Proteobacteria,Gammaproteobacteria,Xanthomonadales,Xanthomonadaceae,Xylella
Bacteria,Proteobacteria,Gammaproteobacteria,Burkholderiales,Comamonadaceae,Xylophilus
Bacteria,Gemmatimonadota,Longimicrobia,Longimicrobiales,Longimicrobiaceae,YC-ZSS-LKJ147
Bacteria,Proteobacteria,Gammaproteobacteria,Enterobacterales,Yersiniaceae,Yersinia
Bacteria,Proteobacteria,Gammaproteobacteria,Burkholderiales,Rhodocyclaceae,Z-35
Bacteria,Planctomycetota,Phycisphaerae,Phycisphaerales,Phycisphaeraceae,Z195MB87
Bacteria,Planctomycetota,Planctomycetes,Gemmatales,Gemmataceae,Zavarzinella
Bacteria,Proteobacteria,Gammaproteobacteria,Burkholderiales,Comamonadaceae,Zhizhongheella
Bacteria,Proteobacteria,Gammaproteobacteria,Burkholderiales,Rhodocyclaceae,Zoogloea
Bacteria,Firmicutes,Bacilli,Erysipelotrichales,Erysipelotrichaceae,ZOR0006
